0,0.10912703,0.032170735,0.5728811,0.2470195,0.038801614
1,0.97471696,0.0004208835,0.018606044,0.006253174,3.0645697e-06
2,0.9634101,0.02816657,0.0039316462,0.0043866476,0.000104972954
3,0.12389989,0.04493006,0.15969269,0.33280963,0.33866772
4,0.17476198,0.07439231,0.23990811,0.38533354,0.12560396
5,0.99025273,0.008275488,0.0011116087,0.00035469903,5.402006e-06
6,0.05271732,0.011059627,0.16089891,0.30578944,0.4695347
7,0.95879626,0.0034819776,0.035861816,0.0018381571,2.1887587e-05
8,0.2948031,0.114726335,0.2921727,0.25640446,0.041893393
9,0.19309586,0.11020761,0.40643567,0.2801384,0.010122403
10,0.9755461,0.001000309,0.008571875,0.014766707,0.00011491596
11,0.3243727,0.116156586,0.1996716,0.15142001,0.2083791
12,0.18340781,0.057598557,0.32761875,0.37823245,0.053142436
13,0.17378454,0.45033297,0.2151956,0.15519899,0.0054878346
14,0.8492782,0.037420243,0.0425675,0.06477706,0.005956932
15,0.42578638,0.20876765,0.1800882,0.17264464,0.012713105
16,0.9291213,0.01027788,0.03177642,0.028761959,6.235743e-05
17,0.28147766,0.14213628,0.16340192,0.3862441,0.026740069
18,0.4883337,0.21093364,0.12819932,0.156007,0.016526395
19,0.9187363,0.029809551,0.03437061,0.015641782,0.0014417564
20,0.071286075,0.0147381835,0.18978585,0.29137424,0.43281576
21,0.2714982,0.033335526,0.53180087,0.15412864,0.009236774
22,0.33085403,0.18095616,0.122968085,0.27429032,0.090931356
23,0.99023086,0.005725962,0.002816005,0.0011676452,5.966217e-05
24,0.16832697,0.4681041,0.27338615,0.086973965,0.0032088547
25,0.6995521,0.15597348,0.13053912,0.013360248,0.0005749655
26,0.26332986,0.07316286,0.18589754,0.40724137,0.07036835
27,0.25140893,0.118889,0.16866359,0.44864556,0.012392957
28,0.9865551,0.011499636,0.0012129083,0.00071778503,1.4574089e-05
29,0.059039082,0.020534208,0.123976514,0.5492944,0.24715577
30,0.33483422,0.23323125,0.3157666,0.110645436,0.00552256
31,0.85404176,0.038025286,0.09056319,0.017303905,6.582017e-05
32,0.38571626,0.18787001,0.18454273,0.188322,0.053549036
33,0.09486499,0.25517288,0.16042764,0.2088105,0.280724
34,0.033236146,0.23317443,0.624789,0.108417,0.00038344788
35,0.40631863,0.06093511,0.32916173,0.18625677,0.01732773
36,0.14842129,0.0327858,0.46174398,0.29545292,0.061596017
37,0.11097257,0.074988306,0.123125,0.53989166,0.15102243
38,0.20265934,0.08966636,0.2360291,0.27229708,0.19934814
39,0.6098162,0.21974345,0.13515005,0.02277149,0.012518857
40,0.6473188,0.17369384,0.0614871,0.11046627,0.0070340536
41,0.36535278,0.09714393,0.39876816,0.09123523,0.047499895
42,0.09771145,0.01765414,0.3531505,0.35193923,0.1795447
43,0.5946888,0.014025025,0.37381792,0.016500467,0.0009677725
44,0.96358824,0.024652252,0.0059745535,0.0056606033,0.0001244158
45,0.2626985,0.16354807,0.5181908,0.055441804,0.00012084971
46,0.29621175,0.157987,0.24312554,0.21332829,0.08934738
47,0.15206762,0.10228456,0.16478372,0.5034211,0.07744297
48,0.066095695,0.21479319,0.50355566,0.212342,0.0032134792
49,0.9752331,0.018506886,0.004782985,0.001427374,4.9670423e-05
50,0.7878951,0.048814174,0.064256035,0.094519734,0.0045149922
51,0.055321,0.29148757,0.45544478,0.18278839,0.01495822
52,0.21740066,0.12182526,0.24346174,0.17307113,0.24424112
53,0.2082326,0.037629943,0.3250267,0.28814864,0.14096211
54,0.3057499,0.35989714,0.28671375,0.044581447,0.0030577735
55,0.2529982,0.2159713,0.2063977,0.24198432,0.082648456
56,0.53781456,0.06964436,0.23854491,0.0455848,0.10841132
57,0.025061104,0.01025342,0.08363387,0.18114462,0.699907
58,0.07029581,0.07697301,0.67068624,0.17942752,0.002617376
59,0.9594587,0.019173808,0.020388981,0.00082001794,0.00015855861
60,0.27700242,0.07970547,0.35084277,0.17584613,0.116603196
61,0.84757197,0.03837158,0.0980387,0.012198763,0.0038189436
62,0.93738073,0.03285904,0.023954712,0.002749384,0.003056242
63,0.9814136,0.0011286864,0.0049810973,0.012389707,8.6964836e-05
64,0.95616317,0.012444166,0.022145577,0.0074010645,0.0018459499
65,0.44806698,0.14405684,0.1821487,0.20664425,0.019083234
66,0.11514836,0.051667675,0.2986839,0.16617367,0.3683263
67,0.06627304,0.07255816,0.14361793,0.4334661,0.28408483
68,0.26056135,0.33054364,0.24899717,0.099823534,0.060074322
69,0.0763438,0.09088477,0.31896892,0.44517633,0.06862622
70,0.99548656,0.0032572302,0.0004965326,0.00074768264,1.1949512e-05
71,0.18250884,0.7202445,0.091126375,0.005104474,0.0010158272
72,0.9166359,0.007818987,0.062353086,0.0124512585,0.0007408302
73,0.9640146,0.0076141553,0.011468446,0.016784644,0.000118275726
74,0.29180345,0.35944483,0.30474138,0.030781586,0.013228808
75,0.6868986,0.056722898,0.07217382,0.18187687,0.0023278412
76,0.95810986,0.0044212895,0.037130825,0.00033300614,5.058211e-06
77,0.9432343,0.007821089,0.038224038,0.00953114,0.0011894552
78,0.84100354,0.015572966,0.017669898,0.12323759,0.0025159726
79,0.9578465,0.030747171,0.008817984,0.0024680344,0.0001204042
80,0.10789577,0.06037955,0.37377733,0.42136687,0.036580518
81,0.95916545,0.012368943,0.015638448,0.009875202,0.0029519224
82,0.07137676,0.14424106,0.64129126,0.12599199,0.01709895
83,0.84074783,0.086336195,0.050005354,0.022051765,0.0008588751
84,0.7487818,0.035973933,0.14994189,0.05592984,0.009372439
85,0.63752913,0.03282962,0.19388174,0.096230134,0.039529365
86,0.87232065,0.0018372897,0.051547624,0.074140035,0.00015437386
87,0.96356213,0.028856425,0.0019290989,0.005589368,6.301333e-05
88,0.7278908,0.14797783,0.05483981,0.06444167,0.004849813
89,0.072808444,0.08061103,0.49773136,0.30597264,0.042876486
90,0.17488982,0.1761555,0.26951486,0.24807356,0.13136628
91,0.044354472,0.034259878,0.2383447,0.32368904,0.35935193
92,0.8728729,0.0754477,0.02940047,0.021938492,0.00034032483
93,0.9921142,0.0050481632,0.0025808665,0.00025606254,6.99282e-07
94,0.5392481,0.030745199,0.41111496,0.017355978,0.001535736
95,0.9080453,0.06526446,0.018429501,0.008031232,0.00022961377
96,0.8784593,0.010945063,0.10479,0.0050354563,0.0007701166
97,0.04429667,0.047199443,0.23460369,0.50006014,0.17384003
98,0.12546669,0.07912911,0.395771,0.3291763,0.07045692
99,0.096692264,0.1662623,0.47259018,0.26403123,0.00042400617
100,0.08063625,0.26135623,0.53621954,0.11823727,0.0035506785
101,0.17955494,0.05971294,0.3233063,0.30733278,0.13009304
102,0.081904925,0.397573,0.48299083,0.036830608,0.00070062117
103,0.99438196,0.000723708,0.0036880097,0.0012059953,3.7757485e-07
104,0.17589833,0.024197282,0.5426228,0.08042815,0.17685337
105,0.16268961,0.01722097,0.27802604,0.3410985,0.2009649
106,0.3916467,0.46971393,0.10504223,0.020645784,0.012951412
107,0.17997015,0.36968264,0.2595228,0.14238054,0.04844391
108,0.16055082,0.11447926,0.21432985,0.18002902,0.33061108
109,0.02194476,0.9052616,0.00038675446,0.07240482,2.183923e-06
110,0.06265201,0.03931082,0.14474423,0.63269526,0.120597675
111,0.31587982,0.22284642,0.12827106,0.1625596,0.1704431
112,0.22605988,0.3225395,0.22643173,0.1816199,0.043349028
113,0.18577395,0.059601955,0.4223316,0.32365093,0.008641538
114,0.9943504,0.0002630356,0.003566678,0.0018177589,2.2116888e-06
115,0.08198645,0.28957427,0.47228405,0.15509658,0.0010586784
116,0.07704043,0.09129112,0.21770805,0.5319395,0.08202086
117,0.29576385,0.17636451,0.19727874,0.28544733,0.045145575
118,0.7915347,0.027708365,0.17106001,0.008804594,0.0008923761
119,0.4681919,0.3054125,0.16406177,0.04771323,0.014620611
120,0.04423392,0.03609582,0.16049407,0.15591447,0.6032617
121,0.784037,0.00981534,0.15433486,0.049441356,0.0023714383
122,0.036213882,0.017472506,0.09450781,0.84496,0.0068458393
123,0.98409903,0.013506943,0.0012795851,0.001105873,8.573118e-06
124,0.97939646,0.0033074764,0.01492974,0.0023474004,1.9044603e-05
125,0.23152459,0.38011846,0.26709396,0.107688375,0.013574652
126,0.01535429,0.08440957,0.123243704,0.7170735,0.059919015
127,0.024339873,0.019294634,0.0917202,0.39805433,0.466591
128,0.14325759,0.061624914,0.4404462,0.16673957,0.18793172
129,0.113344856,0.039291006,0.45038953,0.38101742,0.015957218
130,0.14256178,0.03161585,0.65751034,0.14341092,0.024901135
131,0.99588364,0.000604883,0.003428146,8.2815095e-05,4.2725893e-07
132,0.1396443,0.32760617,0.17117625,0.28870538,0.07286787
133,0.083615154,0.06964696,0.116140835,0.043899257,0.6866978
134,0.09019082,0.05488695,0.34068343,0.5034629,0.010775975
135,0.19092824,0.1687808,0.14304388,0.19616267,0.30108437
136,0.712643,0.023987401,0.07690614,0.18300171,0.0034616832
137,0.38583353,0.44217044,0.15132037,0.019999774,0.00067590445
138,0.31911102,0.05294083,0.1881974,0.3914096,0.048341118
139,0.53060824,0.010937195,0.2846806,0.13833436,0.035439588
140,0.047650363,0.032282975,0.5480028,0.36924997,0.0028139278
141,0.79070526,0.066425435,0.110135145,0.018476425,0.014257664
142,0.6160033,0.06155226,0.089667104,0.134873,0.0979044
143,0.70738024,0.12269607,0.09684893,0.07053357,0.0025411854
144,0.986047,0.009793789,0.0036382424,0.0004991846,2.1675354e-05
145,0.09260274,0.011070475,0.32785675,0.38257647,0.18589355
146,0.019239806,0.6323173,0.3389167,0.0095172515,8.933628e-06
147,0.7867615,0.11258329,0.05430859,0.043970235,0.0023763701
148,0.38004687,0.042983465,0.013118734,0.56239194,0.0014589332
149,0.9411149,0.033138365,0.016365187,0.009249104,0.00013236328
150,0.8598866,0.0034735762,0.130369,0.0062416154,2.9326473e-05
151,0.1416261,0.21210355,0.350802,0.26083118,0.034637082
152,0.69498414,0.02398388,0.13591078,0.12548856,0.019632638
153,0.031373218,0.050970927,0.43516642,0.47335944,0.009129991
154,0.7726021,0.0059430012,0.037682045,0.18221538,0.0015575073
155,0.9295695,0.014181651,0.055336516,0.0008968898,1.537214e-05
156,0.9703011,0.016193345,0.0056889616,0.0075084628,0.00030811437
157,0.99538654,0.002813528,0.00068026007,0.0010966029,2.3013958e-05
158,0.3251657,0.2510593,0.3370129,0.07877685,0.007985245
159,0.547068,0.0750749,0.3357067,0.02492807,0.017222298
160,0.65863746,0.08322319,0.1579089,0.0880579,0.012172552
161,0.5057855,0.077953205,0.28663573,0.0952674,0.034358177
162,0.31163463,0.03922154,0.4595357,0.14889301,0.040715147
163,0.22823177,0.057709057,0.30398336,0.3579928,0.052083023
164,0.09680287,0.13851973,0.14532171,0.6021929,0.017162832
165,0.84228444,0.06829995,0.06356695,0.021367304,0.004481364
166,0.9907141,0.0068007708,0.0021754932,0.00030019032,9.5978285e-06
167,0.2517762,0.58113307,0.15669276,0.009912307,0.0004856836
168,0.8612828,0.056247022,0.0649732,0.01635312,0.0011439098
169,0.8378666,0.07514438,0.034807514,0.050381027,0.0018004877
170,0.09380965,0.3618257,0.28344575,0.22806244,0.032856476
171,0.97288734,0.002734374,0.023786396,0.00058626547,5.6717895e-06
172,0.9930427,0.005416697,0.0012292067,0.0003063697,4.9378764e-06
173,0.4249811,0.13776992,0.25409448,0.09636619,0.08678829
174,0.11689237,0.009508175,0.24391414,0.43190774,0.19777757
175,0.80521846,0.015927078,0.036258467,0.14198907,0.0006069387
176,0.97111356,0.018735312,0.009423891,0.00070790225,1.93452e-05
177,0.65419525,0.08992374,0.095681034,0.13832997,0.021870008
178,0.14436719,0.6782255,0.07165698,0.10567784,7.24379e-05
179,0.94259167,0.0074637276,0.047325194,0.0023421524,0.0002771744
180,0.9875799,0.009237486,0.0014717331,0.0017054852,5.427122e-06
181,0.98337483,0.012500282,0.003460634,0.0006482102,1.6080547e-05
182,0.18633385,0.23472148,0.16845934,0.40202236,0.008462965
183,0.11505116,0.05082412,0.2368681,0.22234064,0.37491602
184,0.080163434,0.034248136,0.0759422,0.7898074,0.019838862
185,0.9667644,0.014763528,0.017008815,0.001443136,2.0116255e-05
186,0.17217137,0.08433159,0.25629747,0.25232443,0.23487511
187,0.071046986,0.58900356,0.3167078,0.022680644,0.00056102435
188,0.14687683,0.088519655,0.019647174,0.74297154,0.0019847266
189,0.030206753,0.03941248,0.3221239,0.5950355,0.0132213775
190,0.34920803,0.036612254,0.31433636,0.11517506,0.18466832
191,0.23560709,0.12040286,0.006098402,0.6347125,0.003179159
192,0.17658754,0.053817682,0.44360387,0.3047175,0.02127342
193,0.3261494,0.29529396,0.24273062,0.102017455,0.033808578
194,0.054120265,0.019812373,0.12459874,0.63620335,0.16526529
195,0.39326555,0.30367333,0.20765053,0.0931089,0.0023016504
196,0.13534735,0.050987456,0.24256337,0.5188567,0.052245107
197,0.102342665,0.019381238,0.26390463,0.52275735,0.09161405
198,0.17905863,0.0748298,0.264935,0.24427152,0.23690507
199,0.044446666,0.07737112,0.25653684,0.437705,0.18394038
200,0.13441133,0.40972355,0.07206419,0.3819051,0.0018958527
201,0.27852866,0.4862896,0.1605349,0.064596295,0.010050498
202,0.49649978,0.041752193,0.33418247,0.11416523,0.013400292
203,0.75576144,0.119710155,0.10465475,0.018628236,0.0012454814
204,0.3957199,0.11895462,0.1244861,0.07532377,0.28551555
205,0.3223489,0.30450183,0.29924688,0.073576204,0.0003262091
206,0.1126103,0.1352425,0.026926983,0.72437686,0.00084328104
207,0.9159462,0.040914387,0.015881421,0.025910785,0.0013471261
208,0.20143038,0.45112035,0.29198027,0.05203244,0.0034365356
209,0.36221367,0.10181335,0.20452167,0.24681246,0.08463887
210,0.072575875,0.058009185,0.29173732,0.55945873,0.018218895
211,0.52687484,0.11871271,0.19226404,0.1066594,0.055489
212,0.94002205,0.0342749,0.022705767,0.002875448,0.00012181435
213,0.90869236,0.01812711,0.051153813,0.021242613,0.000784119
214,0.52000904,0.374327,0.055891935,0.04958341,0.00018860311
215,0.9646296,0.026899448,0.0045422805,0.0038097624,0.000118940574
216,0.07076214,0.01917212,0.17850594,0.639182,0.0923779
217,0.95273393,0.00041308397,0.021740498,0.025058249,5.427282e-05
218,0.98884517,0.0043066293,0.004131591,0.002469635,0.0002470052
219,0.5504531,0.27678195,0.0002637107,0.17248584,1.5378011e-05
220,0.6845482,0.13980101,0.07232776,0.09588018,0.007442902
221,0.105395,0.036223896,0.34849772,0.4079309,0.10195252
222,0.9644191,0.022991551,0.011633691,0.00082617765,0.00012942511
223,0.15029608,0.8283858,0.005290251,0.01591791,0.00010996664
224,0.41639555,0.05868571,0.42308235,0.05964136,0.04219503
225,0.09192708,0.07066405,0.21227714,0.17154804,0.45358363
226,0.9752922,0.00803164,0.012121055,0.0043798583,0.00017523544
227,0.13484183,0.024981301,0.25911584,0.3761317,0.20492925
228,0.14459825,0.040730644,0.23908232,0.47884238,0.096746445
229,0.17811349,0.06531917,0.43214667,0.28131682,0.0431039
230,0.3560761,0.13171972,0.19893198,0.30449218,0.008780043
231,0.9401967,0.039706886,0.008364632,0.01134258,0.00038908847
232,0.8895967,0.02288329,0.08277344,0.004424594,0.0003219212
233,0.97921705,0.001921322,0.017484255,0.0013442212,3.3176166e-05
234,0.28869513,0.02366463,0.20966136,0.40340498,0.07457386
235,0.9330982,0.039508674,0.0050029787,0.022326628,6.350675e-05
236,0.0970738,0.33251706,0.36218563,0.19715163,0.01107186
237,0.9817763,0.014040995,0.002983356,0.0011499914,4.926818e-05
238,0.99833244,0.00043705179,0.0012167003,1.3886635e-05,2.3651635e-08
239,0.37246644,0.05566987,0.37654462,0.11410142,0.08121765
240,0.98799497,0.006301252,0.0014233823,0.004219976,6.04258e-05
241,0.059936725,0.10194409,0.73765755,0.100088835,0.00037278474
242,0.50052565,0.21863542,0.18175861,0.082547046,0.016533226
243,0.15874673,0.1003583,0.463731,0.2540164,0.023147505
244,0.04892529,0.12802821,0.5616815,0.25452614,0.0068388293
245,0.43678063,0.2511964,0.11157126,0.17540807,0.0250436
246,0.18090281,0.23963746,0.34523442,0.21484849,0.019376831
247,0.66162086,0.0789613,0.11440285,0.11758996,0.027424982
248,0.75262475,0.016855108,0.19478741,0.02709708,0.008635703
249,0.38406995,0.06336509,0.30162808,0.121484935,0.12945196
250,0.06641633,0.053762235,0.11751108,0.19741154,0.5648988
251,0.23404185,0.21077774,0.3209508,0.19526598,0.038963564
252,0.8491447,0.0262201,0.09047063,0.033725824,0.00043881818
253,0.8379362,0.004798923,0.15509365,0.002075759,9.536424e-05
254,0.27054715,0.30225292,0.38667497,0.036980897,0.0035440794
255,0.11895158,0.07784328,0.37234813,0.3522729,0.07858415
256,0.86191547,0.04912699,0.043055072,0.045656692,0.00024572705
257,0.05721207,0.015843438,0.28881118,0.5066391,0.13149418
258,0.20072576,0.03746421,0.29850715,0.3891472,0.07415574
259,0.515462,0.009817004,0.16672327,0.2924545,0.015543249
260,0.19500446,0.24497095,0.43742427,0.10484533,0.017755015
261,0.91891575,0.032218184,0.02324277,0.023958825,0.0016645301
262,0.14372496,0.19770415,0.2006177,0.41425422,0.043699034
263,0.8785275,0.04826177,0.06958121,0.0034743932,0.00015508712
264,0.13788474,0.06966861,0.16907467,0.30115715,0.32221487
265,0.99724966,0.0016199537,0.001058499,7.165391e-05,2.2918414e-07
266,0.9800593,0.0020547085,0.015973667,0.0018900057,2.2326114e-05
267,0.81529176,0.10851478,0.06545174,0.0101081515,0.0006334786
268,0.22979869,0.20418815,0.4533525,0.10204966,0.010610969
269,0.41164625,0.027220353,0.2659038,0.24508616,0.050143443
270,0.9888602,0.0076393117,0.0008268199,0.0026529373,2.0760672e-05
271,0.3369798,0.18410663,0.37668812,0.09811846,0.004106964
272,0.13462248,0.20734867,0.43289727,0.20530745,0.019824151
273,0.9365462,0.03253404,0.025212677,0.005510191,0.00019681996
274,0.03524815,0.08236323,0.18757463,0.49545926,0.19935468
275,0.9796069,0.0037238067,0.010074608,0.006162512,0.0004321729
276,0.056824453,0.35013145,0.499149,0.0935207,0.00037437602
277,0.09149356,0.0500784,0.35946774,0.42018026,0.07878006
278,0.12637992,0.049276516,0.1618017,0.5286868,0.13385503
279,0.7181363,0.05786557,0.206393,0.013485489,0.004119668
280,0.37123564,0.31157634,0.13049375,0.13036314,0.056331143
281,0.07669294,0.2620023,0.5249153,0.09094075,0.045448735
282,0.12021956,0.028296433,0.43074018,0.40754974,0.013194117
283,0.07030779,0.03303432,0.6076605,0.28799036,0.001007011
284,0.44025877,0.2348576,0.19075523,0.071707904,0.062420476
285,0.17708026,0.18871176,0.3360485,0.24992573,0.048233718
286,0.14975947,0.67522365,0.15652528,0.018404633,8.6948006e-05
287,0.84742624,0.05392337,0.053456314,0.04489623,0.00029778096
288,0.30225047,0.10777816,0.25565353,0.14869648,0.18562135
289,0.08532132,0.3259325,0.00028199668,0.5884565,7.668243e-06
290,0.57262564,0.25187862,0.11825232,0.038402878,0.018840555
291,0.028156674,0.027110174,0.1293811,0.19452308,0.620829
292,0.20834967,0.21012218,0.30618015,0.14421768,0.13113026
293,0.8606079,0.016027346,0.116147116,0.006570544,0.00064702745
294,0.8964385,0.054302223,0.013268252,0.034575377,0.0014156324
295,0.7796449,0.021149525,0.004447746,0.18647628,0.008281471
296,0.70035595,0.14377227,0.11190642,0.03640075,0.0075646085
297,0.14838284,0.17747,0.5998592,0.06851753,0.0057704914
298,0.08558756,0.027979633,0.30881512,0.39436674,0.18325087
299,0.8446648,0.114446685,0.030788664,0.009954957,0.0001448559
300,0.14163153,0.2840763,0.35857168,0.21063973,0.0050808187
301,0.12322699,0.051400524,0.32531303,0.48929855,0.010760936
302,0.24188097,0.14712352,0.2193416,0.37388036,0.017773548
303,0.96307814,0.0063182674,0.029593688,0.0006268826,0.00038301857
304,0.08097214,0.22331937,0.2539256,0.42959452,0.012188394
305,0.02768907,0.01756452,0.20305663,0.7447826,0.006907136
306,0.44286117,0.0360603,0.1748937,0.16826649,0.17791829
307,0.6223369,0.18165435,0.10866701,0.06271227,0.024629455
308,0.995869,0.0030192456,0.00077655376,0.00032696134,8.3285395e-06
309,0.9314396,0.039194822,0.024625588,0.003746995,0.0009930343
310,0.7374556,0.0363775,0.14500724,0.057620138,0.023539474
311,0.83768487,0.07179494,0.069506705,0.018991029,0.002022445
312,0.90390617,0.03742439,0.053294938,0.0038305616,0.001544016
313,0.11815245,0.10432814,0.18870965,0.14749049,0.44131932
314,0.9110302,0.043529656,0.03534527,0.00995427,0.00014062741
315,0.9415404,0.01833869,0.039323878,0.00074564206,5.1442057e-05
316,0.25387737,0.021933552,0.47246653,0.24986205,0.0018605635
317,0.024992246,0.0327551,0.34792155,0.58679533,0.007535783
318,0.26094183,0.07256242,0.43257353,0.2121398,0.021782393
319,0.16756585,0.19301072,0.17507955,0.3623659,0.10197794
320,0.9632354,0.013828389,0.021659749,0.000903569,0.0003729551
321,0.98654836,0.0036297617,0.006964634,0.0028520476,5.1283732e-06
322,0.14574507,0.04765164,0.19073722,0.5310105,0.08485557
323,0.5186272,0.25364262,0.19846283,0.023944734,0.0053226827
324,0.9911419,0.0032347578,0.0055223466,0.000100132376,8.692137e-07
325,0.91771513,0.069393024,0.0055854996,0.0070938924,0.00021248205
326,0.80420697,0.0060028257,0.18728894,0.002136567,0.00036467373
327,0.6762195,0.11644983,0.11384232,0.079582535,0.013905787
328,0.13302547,0.016273106,0.35908982,0.3914011,0.1002105
329,0.9744306,0.0033000968,0.018143676,0.0033569762,0.00076869404
330,0.14727284,0.021369098,0.3202498,0.30986142,0.20124684
331,0.14661466,0.045057006,0.3014981,0.4604534,0.046376966
332,0.9610218,0.02652406,0.0073161167,0.0049230778,0.00021506236
333,0.17426734,0.04957121,0.22962932,0.3984542,0.14807792
334,0.389985,0.034548514,0.55939126,0.0097486405,0.0063266247
335,0.91102374,0.019247813,0.067570336,0.0020365564,0.00012167752
336,0.1668273,0.09662627,0.22951451,0.41232914,0.09470277
337,0.09866559,0.073787235,0.19767869,0.33701912,0.29284945
338,0.5118938,0.12928122,0.07930921,0.2369881,0.042527642
339,0.8169143,0.011708907,0.020887502,0.13127217,0.01921715
340,0.050378844,0.034488898,0.1754792,0.36734793,0.37230515
341,0.8168342,0.08597708,0.08438766,0.011756131,0.0010448808
342,0.9862943,0.00811013,0.0045023314,0.0010809476,1.2278628e-05
343,0.45617333,0.17604503,0.18384719,0.1543646,0.029569855
344,0.13631706,0.19632809,0.32347164,0.31542525,0.028457977
345,0.106605254,0.048741892,0.099395856,0.5114829,0.23377408
346,0.14576612,0.048561152,0.41899914,0.34047183,0.046201795
347,0.8057948,0.008991828,0.14405647,0.03856493,0.0025919317
348,0.17990941,0.05760808,0.3867655,0.24955374,0.12616326
349,0.32918495,0.24859932,0.30569232,0.097733594,0.018789835
350,0.09324089,0.08662343,0.14124486,0.65907013,0.01982068
351,0.8629544,0.033321336,0.028793449,0.07374373,0.0011871561
352,0.9807326,0.0126938615,0.0042424574,0.0022762225,5.493557e-05
353,0.99639136,0.0026478763,0.00063634536,0.00032396265,5.2861594e-07
354,0.07391418,0.09736877,0.17071097,0.29717827,0.36082777
355,0.14776556,0.20598097,0.29741696,0.3290491,0.019787459
356,0.059917316,0.24016881,0.43473795,0.26265332,0.0025226702
357,0.20759784,0.0686101,0.19640791,0.305828,0.22155611
358,0.15624072,0.591173,0.22243926,0.029003503,0.0011435365
359,0.14945005,0.025934048,0.46818295,0.16607477,0.19035818
360,0.116527714,0.056691658,0.19270635,0.28337952,0.35069478
361,0.9985037,0.0012933007,0.00015149654,5.0899936e-05,5.694257e-07
362,0.17762351,0.047518887,0.35336983,0.40211403,0.019373754
363,0.9776493,0.003444574,0.009595232,0.008748294,0.0005625923
364,0.040416997,0.252387,0.09396596,0.60443246,0.008797569
365,0.12494611,0.1608774,0.38779646,0.25749794,0.06888213
366,0.9834837,0.012136499,0.0017421162,0.002620114,1.7689683e-05
367,0.87450016,0.016078725,0.107641034,0.0012028994,0.0005772389
368,0.05237394,0.09389945,0.3898335,0.45701823,0.0068749078
369,0.597624,0.02351003,0.18579406,0.1743053,0.018766556
370,0.06366079,0.11956818,0.13373233,0.26029196,0.42274678
371,0.043459415,0.047821335,0.2539331,0.6412501,0.013536088
372,0.95482475,0.012930347,0.021689177,0.010293556,0.00026230162
373,0.55882776,0.11774659,0.29452193,0.028465986,0.00043775092
374,0.035177954,0.50505215,0.44657215,0.013158964,3.88493e-05
375,0.94843674,0.027236596,0.016492443,0.007622724,0.0002115886
376,0.17372191,0.53824097,0.25690418,0.030686248,0.00044668722
377,0.9737066,0.01007953,0.0052092643,0.008940301,0.0020644362
378,0.8654444,0.04401769,0.021086369,0.060851127,0.008600358
379,0.7509205,0.12246633,0.023718538,0.07085786,0.032036766
380,0.78362393,0.006242377,0.13908479,0.051031493,0.020017514
381,0.8370055,0.026785605,0.08127838,0.02631618,0.028614404
382,0.3222977,0.3168826,0.19465347,0.11032456,0.055841696
383,0.9907045,0.00644648,0.00057885976,0.0022479333,2.2332117e-05
384,0.34481186,0.35209277,0.27483934,0.019190257,0.00906576
385,0.87132996,0.006456992,0.08869737,0.03314564,0.0003699465
386,0.16007371,0.17524546,0.5837272,0.06531536,0.015638215
387,0.70598835,0.0069944626,0.071278535,0.19579081,0.019947823
388,0.22246267,0.37060106,0.2264749,0.18042652,3.4861056e-05
389,0.7310916,0.15865853,0.06523437,0.040802535,0.004212973
390,0.6706403,0.040534,0.24704516,0.040065557,0.0017150225
391,0.33870482,0.42542833,0.19266759,0.028964318,0.014235005
392,0.115632914,0.07159945,0.18543059,0.12264682,0.5046902
393,0.9495915,0.031431332,0.014391818,0.004059741,0.00052557053
394,0.11498991,0.16986819,0.35877106,0.3006512,0.055719696
395,0.80895495,0.11538728,0.066115834,0.0089769345,0.0005649832
396,0.98810625,0.0056763166,0.004791012,0.0012301062,0.0001962692
397,0.6178634,0.22654253,0.00029462727,0.15528129,1.8144616e-05
398,0.07188297,0.022836959,0.09844856,0.0500833,0.75674826
399,0.16425352,0.08421012,0.15816939,0.51729137,0.07607559
400,0.9956772,0.0035366348,0.00044185368,0.0003398707,4.38859e-06
401,0.9749253,0.015597225,0.0057813386,0.003679845,1.6219847e-05
402,0.41470754,0.09653197,0.2525577,0.066495575,0.1697072
403,0.06807551,0.016562901,0.26359317,0.6330939,0.018674562
404,0.12506066,0.2865346,0.3980181,0.13596164,0.054425012
405,0.3480816,0.32511485,0.27380803,0.030520452,0.022475105
406,0.036109995,0.057991654,0.41785485,0.45460343,0.033440117
407,0.97355056,0.013051788,0.008639384,0.004703697,5.461446e-05
408,0.22886118,0.25018448,0.31199262,0.19494694,0.014014793
409,0.14840655,0.6079162,0.00028396983,0.24332531,6.799564e-05
410,0.5611841,0.014448621,0.19788519,0.19975132,0.026730742
411,0.17220457,0.05161438,0.24491695,0.3947174,0.13654675
412,0.8485792,0.018641936,0.114458546,0.018131457,0.00018888812
413,0.42939577,0.14936185,0.16315654,0.23449823,0.023587564
414,0.2546561,0.03245168,0.47058365,0.21946433,0.022844197
415,0.055534113,0.20294541,0.35122642,0.38516873,0.005125332
416,0.7796083,0.15214166,0.05459308,0.009742423,0.003914591
417,0.051921614,0.6370878,0.3029198,0.008010132,6.062882e-05
418,0.16874892,0.12044352,0.3491547,0.32990474,0.031748194
419,0.07905212,0.057452764,0.2859189,0.41667765,0.16089857
420,0.7051318,0.10077971,0.13461225,0.05913377,0.00034246797
421,0.1335394,0.051014703,0.19612914,0.44508123,0.17423551
422,0.9304314,0.0014266042,0.019925207,0.048065547,0.000151168
423,0.6217069,0.179813,0.026387898,0.15581681,0.016275417
424,0.38946366,0.19855487,0.13391218,0.25747722,0.020592097
425,0.2861085,0.35668677,0.26496106,0.08699435,0.0052492493
426,0.8888545,0.067289054,0.027303765,0.014429535,0.0021231351
427,0.6845988,0.078366555,0.01350268,0.22261752,0.0009144498
428,0.1418474,0.09882112,0.23768312,0.47486585,0.04678253
429,0.1273416,0.17727394,0.20211536,0.4089118,0.08435732
430,0.051364243,0.04055059,0.7374144,0.15002903,0.02064174
431,0.29311475,0.067363374,0.048338126,0.50896424,0.08221953
432,0.99330467,0.0004482186,0.0040569557,0.0021883305,1.7565126e-06
433,0.9251227,0.014235932,0.010851413,0.0497151,7.488185e-05
434,0.12651436,0.22732212,0.26334387,0.25794205,0.12487765
435,0.9310463,0.023502348,0.031200651,0.011939722,0.0023110441
436,0.27094966,0.21911973,0.3097513,0.070818014,0.1293613
437,0.111731045,0.085851446,0.29583672,0.4205171,0.08606365
438,0.14271659,0.084459014,0.33653566,0.09494688,0.3413419
439,0.32191253,0.25086632,0.30968857,0.082644545,0.034887996
440,0.064706616,0.32048765,0.4051041,0.20588042,0.0038212421
441,0.95898014,0.0048369593,0.03188067,0.0040952414,0.00020687988
442,0.09112297,0.17045824,0.16316277,0.56502646,0.010229536
443,0.053996764,0.028614681,0.4071493,0.4342141,0.076025136
444,0.1178347,0.63416326,0.0006764556,0.24728002,4.548627e-05
445,0.13696912,0.2329437,0.4616096,0.116447054,0.052030575
446,0.8509204,0.009424472,0.05415556,0.0826201,0.002879556
447,0.06910485,0.05524504,0.20166042,0.594222,0.07976765
448,0.93809694,0.046202853,0.008727288,0.006892146,8.070152e-05
449,0.85304916,0.021047905,0.026522001,0.09800603,0.0013748384
450,0.99520844,0.0007940393,0.003956533,4.0806473e-05,1.5126659e-07
451,0.055940527,0.08174571,0.55642486,0.29547748,0.010411378
452,0.9966101,0.002312704,0.00041820185,0.0006480669,1.0972745e-05
453,0.099303365,0.029728541,0.2569206,0.43653965,0.17750779
454,0.15142171,0.124248564,0.4023602,0.31598827,0.005981237
455,0.117032886,0.17914139,0.17699018,0.49691755,0.02991806
456,0.98832047,0.003224847,0.006994076,0.0013113744,0.00014924216
457,0.9900219,0.0042134128,0.0056840735,8.041439e-05,2.6624048e-07
458,0.8091861,0.09103674,0.040412817,0.057744723,0.0016196892
459,0.9949709,0.002604376,0.0016677531,0.0007186539,3.8298098e-05
460,0.080248,0.3990069,0.45131236,0.06786804,0.001564613
461,0.122127935,0.15256453,0.30306774,0.41772765,0.0045121405
462,0.91676,0.035906367,0.018570885,0.0275324,0.001230382
463,0.39934817,0.19832177,0.1368408,0.24334516,0.022144081
464,0.10682873,0.026729243,0.13106765,0.58325636,0.152118
465,0.11455327,0.04361392,0.31007248,0.5016855,0.03007483
466,0.77551174,0.008222907,0.07330751,0.11389711,0.029060688
467,0.51496255,0.025010502,0.2242242,0.19262774,0.043174975
468,0.9640328,0.017192176,0.017830458,0.0009255478,1.8964529e-05
469,0.15026593,0.033068247,0.2686659,0.5055718,0.04242813
470,0.24140893,0.13722013,0.24801695,0.16026026,0.2130937
471,0.29491177,0.39261305,0.2912086,0.01605691,0.005209672
472,0.58008313,0.057031605,0.3369391,0.018048402,0.007897779
473,0.70917517,0.03943463,0.10918892,0.113707915,0.028493363
474,0.23066139,0.24549991,0.25987282,0.2417163,0.022249615
475,0.0065699536,0.28287923,0.6317357,0.078791946,2.3269016e-05
476,0.6967026,0.15122603,0.13661802,0.013216289,0.002237159
477,0.1505071,0.054642856,0.25009418,0.293975,0.25078088
478,0.06458183,0.63432986,0.27872026,0.022246577,0.00012149427
479,0.898106,0.044992737,0.049003143,0.004890271,0.003007819
480,0.09037052,0.0769063,0.5520384,0.21283093,0.067853935
481,0.72925985,0.05103641,0.19331689,0.025791792,0.00059509976
482,0.3968645,0.5264958,0.06483861,0.011040751,0.0007603373
483,0.25214756,0.28257236,0.1946187,0.1791668,0.09149463
484,0.7065411,0.005780237,0.07136052,0.20119774,0.015120365
485,0.55606395,0.012242659,0.42555916,0.0043147733,0.0018194438
486,0.09798997,0.030706173,0.28290105,0.55430794,0.034094844
487,0.5631871,0.052768175,0.23708677,0.13196301,0.01499485
488,0.03369168,0.044384982,0.34394005,0.57750636,0.00047693937
489,0.5870833,0.10495808,0.25996208,0.017626991,0.030369587
490,0.21835606,0.08749821,0.26597732,0.09167729,0.3364911
491,0.27754453,0.20733345,0.20924637,0.20973034,0.096145295
492,0.49024916,0.1776142,0.22075507,0.06017161,0.05120999
493,0.14364661,0.039417133,0.40814808,0.3332476,0.07554054
494,0.23498954,0.37385187,0.35020334,0.037777763,0.003177462
495,0.2665347,0.35219646,0.20223954,0.090625435,0.088403925
496,0.9561405,0.013353649,0.008729947,0.020935955,0.00083997566
497,0.05264581,0.065175034,0.6046761,0.2691922,0.008310837
498,0.18680722,0.6909535,0.12031339,0.0017271466,0.00019874224
499,0.9765521,0.015185715,0.0013316713,0.0068568736,7.369335e-05
500,0.9733035,0.009426728,0.0043312004,0.012623556,0.00031502504
501,0.15612867,0.03205435,0.46422023,0.24972574,0.097871065
502,0.024204552,0.4378953,0.21784356,0.30876586,0.011290773
503,0.9432151,0.005678206,0.03986671,0.010183352,0.0010566051
504,0.17682822,0.5848278,0.076615214,0.15820834,0.0035204617
505,0.041485004,0.024305448,0.2036998,0.58792025,0.14258946
506,0.97880435,0.0040443814,0.011936206,0.005008069,0.00020694567
507,0.16646054,0.015014114,0.3064508,0.3878914,0.12418312
508,0.1501595,0.2009902,0.3673082,0.2518094,0.029732717
509,0.07448125,0.13372183,0.3577757,0.2000866,0.23393461
510,0.9750923,0.009785208,0.010893845,0.0042197644,8.796559e-06
511,0.8496284,0.042833004,0.066998444,0.040350728,0.0001895165
512,0.095661506,0.08927821,0.14754646,0.2417345,0.42577928
513,0.12421657,0.100138985,0.39906523,0.3129557,0.06362349
514,0.11054239,0.057778586,0.21209481,0.60489583,0.014688388
515,0.97661704,0.011171494,0.011955279,0.00025024122,6.1111714e-06
516,0.9260144,0.05183252,0.019110097,0.002830541,0.0002125514
517,0.9496679,0.017394656,0.0094711,0.023060694,0.00040570137
518,0.93002963,0.019907854,0.049256053,0.0007897644,1.6652659e-05
519,0.10697455,0.2291977,0.50564003,0.13560447,0.022583213
520,0.070679024,0.03811738,0.36715853,0.5173849,0.006660192
521,0.5161592,0.16010086,0.08313992,0.10847197,0.13212804
522,0.86072403,0.06623978,0.05243689,0.018986637,0.0016126967
523,0.42027354,0.3634594,0.13908142,0.06936424,0.007821322
524,0.20723689,0.41649872,0.08112967,0.295105,2.9720573e-05
525,0.99512607,0.0038488677,0.0008283101,0.00019603032,7.80667e-07
526,0.063012205,0.06141211,0.3638667,0.51084566,0.00086335896
527,0.18052281,0.043153852,0.27724603,0.33668295,0.16239436
528,0.90382487,0.03266441,0.036441088,0.024572477,0.0024972116
529,0.13184036,0.41036078,0.40606466,0.05141781,0.0003164637
530,0.99749446,0.00056502764,0.0019061476,3.4305616e-05,8.804253e-08
531,0.97392774,0.016069064,0.003362751,0.006247119,0.0003933423
532,0.46274465,0.024836669,0.44159693,0.060200628,0.010621118
533,0.20880046,0.018251203,0.24030371,0.32957402,0.20307061
534,0.9470236,0.025761398,0.009971935,0.016678523,0.00056462217
535,0.88714427,0.0009823701,0.044118878,0.067087345,0.00066711084
536,0.16344965,0.25467154,0.27803606,0.20662682,0.09721591
537,0.63304657,0.18711375,0.0030667942,0.1736787,0.0030941623
538,0.91455764,0.011112395,0.05192682,0.020393448,0.0020097177
539,0.99166274,0.006314745,0.00090750656,0.0011099917,4.914536e-06
540,0.06678854,0.08876093,0.28370154,0.5605485,0.00020050458
541,0.97482944,0.011388305,0.0041895094,0.009441547,0.00015124537
542,0.35068122,0.071233675,0.22715485,0.2450431,0.10588718
543,0.07300017,0.24799651,0.6460024,0.032870423,0.0001305466
544,0.94353473,0.010103789,0.045503404,0.00082352967,3.4550325e-05
545,0.99007076,0.0007562662,0.0058987197,0.0032703148,3.976139e-06
546,0.45704797,0.37396312,0.16616505,0.0027957861,2.8070284e-05
547,0.6612501,0.09043306,0.047152262,0.19634667,0.004817839
548,0.992986,0.004311594,0.0013373968,0.0013386518,2.6381207e-05
549,0.5817675,0.34676293,0.07013336,0.0012742337,6.199424e-05
550,0.14863028,0.21004348,0.36731127,0.2520054,0.022009628
551,0.49772963,0.19793451,0.27139115,0.024531286,0.00841343
552,0.9764945,0.016288199,0.0048613367,0.0022857513,7.0294824e-05
553,0.26669186,0.5139332,0.1455613,0.058695346,0.015118321
554,0.15120721,0.1677767,0.5188593,0.16000406,0.0021527256
555,0.05736159,0.62211883,0.2794744,0.04037471,0.00067042763
556,0.17518145,0.17013165,0.40441188,0.23420909,0.01606594
557,0.06516582,0.093375474,0.1764388,0.6415328,0.023487158
558,0.09139027,0.014668669,0.27742937,0.58785826,0.028653434
559,0.9699635,0.0042552343,0.0075946925,0.018007426,0.00017912044
560,0.10695909,0.02243842,0.47352335,0.383932,0.013147212
561,0.2525891,0.47487575,0.24864823,0.023613086,0.00027376573
562,0.08318452,0.37153444,0.46889582,0.075817436,0.0005677599
563,0.97664726,0.01593857,0.0034970727,0.003861035,5.60513e-05
564,0.32581133,0.08490886,0.27967104,0.28479287,0.024815887
565,0.16688791,0.2554947,0.2886623,0.26670596,0.022249132
566,0.9743052,0.019101173,0.0043963315,0.002155124,4.215827e-05
567,0.9397316,0.0127250785,0.034143016,0.013126706,0.00027359472
568,0.956665,0.0061818785,0.03302073,0.004050745,8.168551e-05
569,0.9325353,0.05062272,0.008166096,0.008588693,8.731615e-05
570,0.8404969,0.049438518,0.08035063,0.008082798,0.021631159
571,0.24608305,0.23337649,0.365388,0.14505316,0.010099275
572,0.99035966,0.0018335796,0.0076113455,0.00019215509,3.201994e-06
573,0.944785,0.0043089357,0.05080215,9.47107e-05,9.179355e-06
574,0.076125555,0.17157054,0.34928977,0.39847985,0.0045343335
575,0.31479278,0.28697494,0.3209056,0.07515463,0.0021720538
576,0.85582364,0.048923716,0.08895492,0.0042628236,0.0020348113
577,0.31817135,0.51293063,0.12387095,0.04289763,0.0021294341
578,0.7249089,0.05152201,0.13662876,0.066918544,0.020021785
579,0.9542582,0.0063157543,0.03057301,0.0068491152,0.0020038718
580,0.04630482,0.048839882,0.17533796,0.71158355,0.017933868
581,0.15689415,0.18313988,0.26745358,0.33939436,0.053118072
582,0.4414769,0.019289313,0.34580606,0.07995803,0.11346968
583,0.069055654,0.0088509405,0.16202813,0.639589,0.120476246
584,0.08915962,0.45155054,0.42853057,0.028990582,0.0017686177
585,0.9473458,0.016461587,0.027959324,0.008197085,3.6190024e-05
586,0.77271444,0.008502425,0.034482416,0.17680715,0.007493649
587,0.30838448,0.1415886,0.38727796,0.0908735,0.07187546
588,0.03217322,0.07126913,0.3998941,0.49649894,0.00016458357
589,0.10259549,0.03023442,0.35708624,0.41607037,0.094013445
590,0.9897203,0.007666561,0.0017286965,0.00088270195,1.7848072e-06
591,0.7164174,0.023401296,0.113938086,0.14282732,0.0034159182
592,0.4384286,0.23501697,0.28909403,0.033130452,0.0043299603
593,0.37999934,0.16553077,0.2435035,0.18421611,0.02675027
594,0.08599907,0.07286867,0.1545757,0.39560062,0.2909559
595,0.8636506,0.01026078,0.12125327,0.0035712258,0.0012641272
596,0.9442495,0.00942888,0.03501008,0.010817266,0.00049415854
597,0.069387,0.0790794,0.43393564,0.39586702,0.021730889
598,0.2500943,0.03246264,0.04285729,0.66306704,0.01151874
599,0.24465199,0.13794336,0.13994455,0.3875628,0.08989719
600,0.9962542,0.0016024612,0.001671256,0.00043642594,3.5648845e-05
601,0.101315625,0.24568217,0.4571373,0.18619154,0.009673307
602,0.34141216,0.068137385,0.19786899,0.20549358,0.1870879
603,0.15376109,0.050669424,0.3342745,0.19062041,0.2706746
604,0.021757685,0.14161831,0.3840793,0.45221066,0.00033408057
605,0.989689,0.008054614,0.001028896,0.0012091999,1.8268442e-05
606,0.96677524,0.0016873156,0.028494326,0.0029816907,6.150937e-05
607,0.97565395,0.013010281,0.005055118,0.0061736717,0.00010698398
608,0.9890337,0.002564426,0.005360169,0.0029672368,7.45186e-05
609,0.98556805,0.0061532273,0.008109799,0.00016768624,1.2534051e-06
610,0.93661976,0.03923364,0.019160377,0.004813497,0.00017280944
611,0.94473606,0.00754924,0.003551303,0.043734692,0.00042870568
612,0.9836925,0.008608539,0.007507412,0.0001892251,2.3225127e-06
613,0.6214096,0.22200815,0.12169164,0.028656775,0.006233879
614,0.07550412,0.031586662,0.2848027,0.39958578,0.20852071
615,0.12435242,0.09978866,0.115021974,0.53289247,0.12794454
616,0.1754959,0.10239367,0.18433575,0.18199617,0.3557785
617,0.98347855,0.009855592,0.0014947582,0.005153437,1.7530783e-05
618,0.48319682,0.10471215,0.10419513,0.20763838,0.10025751
619,0.97680867,0.016253594,0.0055319974,0.001364564,4.1098257e-05
620,0.115699545,0.3953208,0.26165828,0.18721707,0.040104207
621,0.14398585,0.14894865,0.30532113,0.3471151,0.054629236
622,0.8106355,0.01454844,0.13005896,0.038541272,0.006215879
623,0.17556837,0.25979823,0.51380986,0.043244936,0.0075786198
624,0.44706976,0.06631648,0.20678979,0.16375001,0.116073884
625,0.8357464,0.13304952,0.01817846,0.012878214,0.0001474874
626,0.080809,0.03395278,0.08219563,0.72538704,0.07765549
627,0.06820762,0.036331076,0.097742,0.32503942,0.47267985
628,0.37629387,0.041490737,0.27474067,0.18636778,0.121107
629,0.07020692,0.1282269,0.33948544,0.23056097,0.23151977
630,0.9747702,0.010134836,0.014739828,0.0003495973,5.6326735e-06
631,0.117397375,0.70555925,0.00018566083,0.17685384,3.8421967e-06
632,0.9831503,0.014463906,0.0014529568,0.00092638534,6.4523892e-06
633,0.20644893,0.5251994,0.24422209,0.022384541,0.0017450246
634,0.082832456,0.05061883,0.27998087,0.14842258,0.43814525
635,0.9827617,0.0037434436,0.011190263,0.0022480795,5.6532153e-05
636,0.08253184,0.12359581,0.6036244,0.18572976,0.0045181923
637,0.115993366,0.3121496,0.35767964,0.2103895,0.003787855
638,0.054563474,0.08374075,0.384425,0.47682378,0.00044702162
639,0.09773071,0.05204717,0.4043361,0.39173165,0.05415435
640,0.2647233,0.14142793,0.18714575,0.25953034,0.1471727
641,0.50400853,0.14427912,0.22600262,0.10895777,0.01675197
642,0.9919093,0.006922094,0.0004518904,0.000713677,2.9340235e-06
643,0.93466216,0.0045180456,0.057535466,0.0030848794,0.00019947236
644,0.114837326,0.6412799,0.14158002,0.102164544,0.00013830325
645,0.06503497,0.31468797,0.35323018,0.2633802,0.003666655
646,0.8230485,0.052917585,0.09820493,0.021639166,0.004189904
647,0.098041885,0.23048982,0.56548744,0.105488345,0.0004925193
648,0.5881876,0.09930182,0.10845818,0.1972586,0.0067938403
649,0.47442397,0.22628362,0.15294746,0.12854837,0.017796617
650,0.26391634,0.092665225,0.08281612,0.5376649,0.022937436
651,0.0638926,0.027669022,0.2668167,0.6077391,0.033882566
652,0.9646381,0.013414545,0.017377062,0.00413831,0.0004319616
653,0.06864328,0.060083736,0.2584291,0.4808398,0.13200402
654,0.17388964,0.064419046,0.23347603,0.30261943,0.22559586
655,0.94571996,0.01647912,0.0314248,0.0041626007,0.0022134606
656,0.06995842,0.038395833,0.2936653,0.24011436,0.35786614
657,0.9586285,0.021832071,0.003019872,0.016465409,5.414768e-05
658,0.9493237,0.0011009832,0.045275576,0.0042945235,5.184755e-06
659,0.9733672,0.009265007,0.011598691,0.005450301,0.00031890013
660,0.016162705,0.43004358,0.50524354,0.048533544,1.6710555e-05
661,0.7802839,0.047550384,0.08412302,0.068183504,0.019859191
662,0.89770395,0.010683209,0.08892479,0.0024267044,0.00026134975
663,0.38878635,0.1998594,0.14265428,0.04287906,0.22582096
664,0.9213177,0.039395947,0.026330736,0.011141021,0.0018145238
665,0.16202551,0.20435649,0.1266381,0.113773465,0.39320636
666,0.33495614,0.16491008,0.09988477,0.32671562,0.073533386
667,0.0700889,0.099789724,0.67274404,0.14623497,0.011142394
668,0.13376182,0.49470314,0.35107702,0.020073522,0.00038442313
669,0.35376084,0.27331543,0.26734653,0.09891793,0.006659237
670,0.6008188,0.09834888,0.16870725,0.10660682,0.025518272
671,0.039549008,0.069473885,0.14445998,0.72741103,0.019106092
672,0.039087083,0.01935849,0.20854896,0.69463134,0.038374104
673,0.4768022,0.035541076,0.3298392,0.1298337,0.027983828
674,0.22392496,0.07055365,0.64268696,0.06271392,0.0001204915
675,0.06531915,0.39730215,0.47215948,0.06425574,0.0009635047
676,0.57444984,0.052710406,0.1842926,0.079368986,0.1091782
677,0.9646257,0.02304651,0.008872085,0.003255576,0.00020003333
678,0.7984968,0.01280308,0.13367938,0.026410231,0.028610505
679,0.29048473,0.084314324,0.33327648,0.27730143,0.014623009
680,0.062729485,0.28190696,0.18060158,0.46964025,0.0051217573
681,0.54017115,0.08332595,0.22536519,0.1449122,0.0062255696
682,0.9768042,0.018974544,0.0012603119,0.0029425733,1.8390889e-05
683,0.14903595,0.084463164,0.27535996,0.41218245,0.07895848
684,0.17948687,0.12372588,0.24097784,0.28700408,0.1688053
685,0.12987053,0.46111065,0.34597045,0.061737604,0.0013107419
686,0.27216867,0.12521921,0.15738268,0.35895815,0.086271316
687,0.75049895,0.2052552,0.04038417,0.002900732,0.00096093165
688,0.2244778,0.11697158,0.11196023,0.51857334,0.028017044
689,0.2556598,0.32458428,0.094791465,0.32093984,0.004024633
690,0.9568729,0.0057675233,0.036314894,0.0010281281,1.659969e-05
691,0.4477722,0.5105153,0.039759997,0.0017134171,0.00023916588
692,0.020769311,0.5994688,0.31497544,0.06462918,0.00015721883
693,0.6715453,0.03391368,0.27825475,0.010304798,0.005981438
694,0.117989056,0.12666893,0.17117949,0.5666259,0.01753663
695,0.48311934,0.114349656,0.3729641,0.028823363,0.0007435323
696,0.92643106,0.018426692,0.027734488,0.026802965,0.00060476165
697,0.10771592,0.7128333,0.17331061,0.0061016474,3.8507682e-05
698,0.048023675,0.011944623,0.055764385,0.028633978,0.85563326
699,0.88351953,0.008151718,0.041410707,0.062340144,0.0045779333
700,0.27530122,0.11185528,0.3732238,0.19593227,0.043687433
701,0.46034968,0.062013786,0.26076952,0.1232804,0.09358664
702,0.78123474,0.060929485,0.09115436,0.050495964,0.016185397
703,0.04880152,0.014829505,0.0657795,0.09170221,0.7788873
704,0.057309836,0.056316704,0.100528546,0.47202903,0.31381592
705,0.11148471,0.03252424,0.16274126,0.33444485,0.35880497
706,0.07763041,0.47853056,0.24661,0.18473192,0.012497112
707,0.2524436,0.28300393,0.2148182,0.16566025,0.08407398
708,0.6502326,0.040668916,0.14010102,0.15639699,0.012600455
709,0.07466951,0.057741232,0.13187559,0.14021657,0.5954971
710,0.23426357,0.2764297,0.23899414,0.21733247,0.032980137
711,0.88004804,0.029930469,0.031461436,0.05697176,0.0015883407
712,0.13742971,0.03855317,0.39308542,0.36575374,0.06517803
713,0.01680184,0.8536895,0.12453474,0.0049719764,1.971303e-06
714,0.08855116,0.29649666,0.17140679,0.4035998,0.03994556
715,0.85711074,0.0869377,0.02461649,0.030818094,0.00051700295
716,0.47355708,0.22335887,0.0016800226,0.30124804,0.00015596258
717,0.37965706,0.08084825,0.21786296,0.25715318,0.0644785
718,0.98054963,0.013778963,0.0025619715,0.0030781138,3.13479e-05
719,0.060869753,0.0662254,0.13327546,0.6594791,0.080150224
720,0.11784787,0.058699425,0.29836324,0.49209446,0.03299505
721,0.82591623,0.041897304,0.03786649,0.094180144,0.00013978714
722,0.22523846,0.39314166,0.3010993,0.07991728,0.00060337764
723,0.98937726,0.0019124636,0.005706861,0.0028245004,0.00017887307
724,0.53973615,0.25665918,0.14472455,0.015124215,0.043755922
725,0.8734012,0.014003447,0.07061784,0.03662017,0.0053573838
726,0.06415683,0.53214175,0.31977272,0.08341445,0.0005142611
727,0.015636113,0.95053905,0.00067182287,0.033137653,1.5401962e-05
728,0.6309615,0.030687971,0.12811193,0.1496277,0.060610972
729,0.58596605,0.05725677,0.19265212,0.0870068,0.07711826
730,0.07267597,0.18939468,0.5643408,0.16699576,0.0065928013
731,0.62718743,0.011569443,0.12514287,0.19171745,0.04438285
732,0.78384703,0.104704164,0.10046327,0.010250335,0.0007351671
733,0.98771566,0.0062190033,0.005981932,8.222866e-05,1.1857877e-06
734,0.9851394,0.008408811,0.0046325093,0.0017054495,0.00011377641
735,0.10004221,0.27114955,0.22316626,0.39671227,0.00892976
736,0.63835275,0.015389612,0.08544784,0.25512606,0.0056837457
737,0.14966981,0.31958258,0.18680817,0.29515284,0.04878661
738,0.06493747,0.06679675,0.4639958,0.3811635,0.023106445
739,0.29105583,0.07737058,0.38329566,0.16746224,0.080815636
740,0.14985423,0.109223895,0.29255134,0.42042562,0.027944835
741,0.08829409,0.01760733,0.15725937,0.061433513,0.6754056
742,0.8890364,0.07644911,0.018661378,0.0153930085,0.00046002475
743,0.93380696,0.0068320166,0.0544625,0.0048007597,9.7723154e-05
744,0.9598904,0.013266095,0.009770929,0.010274375,0.006798296
745,0.09653827,0.063566186,0.24919032,0.126142,0.4645632
746,0.9647588,0.0056362012,0.026569271,0.0020293347,0.0010062954
747,0.13571407,0.2590433,0.11563008,0.057459462,0.43215308
748,0.20834641,0.103524834,0.26236492,0.3740198,0.051744077
749,0.21120304,0.20445302,0.29809356,0.23921618,0.04703414
750,0.9941712,0.0040743486,0.00050484657,0.0012323419,1.712999e-05
751,0.6772193,0.03379988,0.26134586,0.020610947,0.0070240367
752,0.2288396,0.3296697,0.26506215,0.16544056,0.0109880185
753,0.80047804,0.050465602,0.12011029,0.018372083,0.010574058
754,0.23371369,0.04745613,0.48819116,0.21923573,0.011403282
755,0.9216459,0.0073159514,0.070448406,0.00057289575,1.6889622e-05
756,0.09233283,0.027434513,0.2646646,0.45249888,0.16306916
757,0.9424639,0.0024116777,0.02317039,0.030931287,0.001022877
758,0.99183404,0.0021452042,0.0050512236,0.00075573137,0.00021378935
759,0.42837894,0.38295418,0.15838794,0.022002583,0.008276354
760,0.89830416,0.05184319,0.02958119,0.019638056,0.0006334137
761,0.035386693,0.7334563,0.21914618,0.012005601,5.244908e-06
762,0.5900258,0.12338582,0.19202021,0.047566928,0.04700127
763,0.11964389,0.45098218,0.29081792,0.13354938,0.005006566
764,0.11715579,0.38000512,0.17894278,0.28287554,0.041020703
765,0.9256921,0.04264624,0.0058601834,0.019868666,0.0059328363
766,0.2553185,0.23350991,0.28595203,0.21171163,0.013507903
767,0.21332866,0.08510288,0.39131573,0.2897264,0.020526323
768,0.9908535,0.0033822013,0.004185562,0.0014149788,0.00016384888
769,0.05533056,0.04673327,0.18789423,0.51623994,0.19380203
770,0.16133171,0.09877518,0.4466444,0.24124712,0.052001614
771,0.5319062,0.2708599,0.16060624,0.0332358,0.0033918025
772,0.13818274,0.118153006,0.44184902,0.12539881,0.17641647
773,0.7153689,0.061862245,0.1330272,0.053560976,0.036180653
774,0.31046623,0.603312,0.038374763,0.04723602,0.00061097567
775,0.01728711,0.8692044,0.00080163375,0.11267574,3.1073585e-05
776,0.8032071,0.014157416,0.043957457,0.123583056,0.015094912
777,0.086283356,0.0081926035,0.23248684,0.16993368,0.5031035
778,0.042932957,0.17094916,0.2843657,0.32763922,0.17411295
779,0.89751416,0.07788734,0.023063466,0.0014788243,5.6264496e-05
780,0.08570043,0.54465425,0.25206083,0.116516486,0.0010680305
781,0.06888242,0.022146014,0.2731745,0.5824143,0.053382695
782,0.88863766,0.06041514,0.038757797,0.009894814,0.002294501
783,0.16919662,0.12237773,0.5370473,0.13007207,0.041306246
784,0.15906028,0.05426497,0.3364339,0.18123716,0.26900366
785,0.047685023,0.044306,0.23624656,0.5332309,0.1385315
786,0.061601825,0.026207376,0.20871553,0.22561336,0.47786188
787,0.47382206,0.34367877,0.14356814,0.019662967,0.019268133
788,0.25347227,0.053404283,0.17481868,0.4618603,0.056444507
789,0.13089626,0.40319088,0.20978984,0.2505304,0.005592682
790,0.8394555,0.10095545,0.021613758,0.036850683,0.0011246854
791,0.9674405,0.008828245,0.023439953,0.0002820934,9.238175e-06
792,0.0725941,0.050040387,0.18736058,0.56990385,0.12010109
793,0.73172724,0.06522792,0.047063455,0.14845194,0.007529522
794,0.121097684,0.12741423,0.6632295,0.085738815,0.0025197202
795,0.19638167,0.2755301,0.42636123,0.09787877,0.003848238
796,0.37952173,0.42981878,0.16395406,0.021830684,0.004874755
797,0.97569764,0.018454632,0.0048191487,0.0009970117,3.161702e-05
798,0.17156905,0.1690788,0.16696607,0.4024391,0.089947045
799,0.29766524,0.028316462,0.25589564,0.25311112,0.16501151
800,0.29201326,0.27111295,0.42089924,0.01575111,0.00022342107
801,0.17691503,0.12476148,0.12816666,0.517835,0.05232188
802,0.74889404,0.030237813,0.12540308,0.06682834,0.028636688
803,0.9782407,0.015624179,0.0018423762,0.003975083,0.0003174939
804,0.882026,0.004145981,0.036831632,0.07640873,0.0005876806
805,0.9151375,0.023772031,0.0468829,0.013199544,0.0010080063
806,0.99366885,0.0053695687,0.00016238865,0.00079846836,7.492562e-07
807,0.6009535,0.19040191,0.19033763,0.0128332805,0.005473701
808,0.99365234,0.0003231211,0.002615321,0.0034013544,7.858318e-06
809,0.58524674,0.31790906,0.09403801,0.0023406618,0.0004655068
810,0.27274615,0.20221907,0.17643286,0.14506595,0.20353593
811,0.060608454,0.035653032,0.2613685,0.59593683,0.04643324
812,0.14789425,0.27255735,0.26050135,0.121364005,0.19768305
813,0.06957517,0.57891834,0.2552842,0.09369866,0.0025236483
814,0.92765284,0.039595198,0.022329697,0.010089652,0.00033250856
815,0.98368305,0.009657343,0.005377823,0.0012493198,3.2486096e-05
816,0.8996027,0.031508915,0.028051235,0.03997418,0.00086299726
817,0.1352486,0.12350501,0.2803039,0.23934671,0.22159573
818,0.35686547,0.25068617,0.29426116,0.09403309,0.0041541327
819,0.17081773,0.2241978,0.19740301,0.39879268,0.008788749
820,0.30008867,0.064157225,0.113632776,0.12857181,0.39354953
821,0.076987855,0.025752556,0.13242476,0.46106535,0.30376956
822,0.19067505,0.123202175,0.31389573,0.29019922,0.0820278
823,0.22923943,0.16460288,0.15945482,0.36334303,0.08335991
824,0.9768321,0.012619753,0.006244407,0.0030421363,0.0012617123
825,0.71041083,0.018182289,0.22980282,0.031046977,0.010557185
826,0.12222447,0.3882826,0.3005371,0.18575011,0.0032056447
827,0.9876703,0.0028543572,0.009292773,0.00018012345,2.3961265e-06
828,0.21432617,0.124317296,0.35204333,0.27148244,0.03783073
829,0.18595278,0.31288278,0.30528095,0.1897854,0.00609812
830,0.19537067,0.048521265,0.33598042,0.2913922,0.12873541
831,0.91562355,0.049479038,0.017885145,0.015938578,0.0010737436
832,0.98500305,0.012685148,0.0012596122,0.0010379262,1.42761255e-05
833,0.8981834,0.035461634,0.053926628,0.011877245,0.0005510626
834,0.10862182,0.22840098,0.22710699,0.41211113,0.023759035
835,0.05808017,0.016140822,0.17198978,0.5745681,0.1792211
836,0.98165786,0.0050228173,0.01310502,0.00021296868,1.319868e-06
837,0.29921168,0.10843882,0.29123268,0.2978408,0.0032760277
838,0.5920432,0.17981361,0.16285254,0.041633718,0.023656959
839,0.071479574,0.009821997,0.157595,0.75785,0.0032534904
840,0.050380804,0.57042104,0.2871148,0.09184806,0.00023529945
841,0.024442285,0.34828296,0.61465544,0.0125762345,4.310657e-05
842,0.9797283,0.0073888134,0.009478309,0.0032981315,0.00010639941
843,0.034587476,0.05353586,0.15467313,0.71886474,0.03833876
844,0.20032282,0.08329072,0.40320596,0.21164489,0.10153559
845,0.7273098,0.033264384,0.10345927,0.12689386,0.009072656
846,0.22181864,0.49719426,0.24231578,0.0328555,0.0058158063
847,0.08598266,0.027561365,0.10262387,0.118489735,0.6653424
848,0.093407474,0.15180601,0.44947574,0.2652914,0.04001937
849,0.44832647,0.39205658,0.13186367,0.02254008,0.005213189
850,0.14225501,0.07017252,0.4787797,0.3033675,0.0054253154
851,0.79244184,0.033715755,0.006385677,0.16528328,0.0021734992
852,0.17647393,0.6270819,0.11648103,0.061046973,0.018916287
853,0.09915066,0.21009848,0.6582331,0.03240762,0.00011017916
854,0.17831004,0.4042344,0.3061673,0.08168196,0.02960628
855,0.07472959,0.11424871,0.1475723,0.55609,0.107359335
856,0.8320691,0.0051677427,0.07303344,0.07821535,0.011514315
857,0.92369896,0.020385295,0.053870995,0.0020136118,3.109608e-05
858,0.09878484,0.042792313,0.1418311,0.627386,0.08920582
859,0.89322925,0.06400013,0.013823282,0.02773417,0.0012131678
860,0.19558947,0.019479237,0.44986045,0.20434135,0.13072947
861,0.22687225,0.15121345,0.46043116,0.06988876,0.09159441
862,0.18299122,0.031275157,0.24068497,0.5004937,0.044555005
863,0.39791927,0.09721789,0.22257671,0.2730904,0.009195714
864,0.7312069,0.023655048,0.111733586,0.03883958,0.0945648
865,0.19680107,0.09387098,0.19635876,0.38375995,0.12920922
866,0.11490477,0.038788635,0.28321758,0.2543623,0.3087268
867,0.9908336,0.0060446076,0.0012441967,0.0018648475,1.2803416e-05
868,0.13186276,0.040917948,0.18610957,0.42124444,0.2198652
869,0.035778657,0.034050453,0.10397791,0.5174724,0.30872062
870,0.98551047,0.0009033454,0.010133239,0.0034496738,3.1622556e-06
871,0.14859346,0.3906286,0.41790396,0.04159352,0.0012804877
872,0.9844599,0.011464827,0.0015020047,0.0025456273,2.7670205e-05
873,0.9877843,0.009241152,0.001516315,0.0014398152,1.847529e-05
874,0.11520306,0.040864863,0.16645756,0.22770531,0.44976914
875,0.03485802,0.073168814,0.27846614,0.6046526,0.008854383
876,0.5009209,0.02724504,0.075807765,0.11528464,0.28074163
877,0.1312379,0.30139843,0.31974685,0.1613906,0.0862262
878,0.048602346,0.2544006,0.56293,0.13239183,0.0016752506
879,0.9854725,0.00339585,0.009741306,0.0012912083,9.903395e-05
880,0.9528937,0.006848796,0.024276152,0.0144191645,0.0015623057
881,0.08973603,0.24428086,0.20850787,0.43541175,0.022063438
882,0.23518778,0.08566442,0.33735254,0.21442418,0.12737109
883,0.15709114,0.29249233,0.35531685,0.19499576,0.000103925326
884,0.9971118,0.0024874764,0.00021356538,0.00018688216,2.9659168e-07
885,0.038789682,0.22265154,0.51219285,0.22391568,0.0024502967
886,0.97679865,0.015887087,0.0051961085,0.0020203232,9.798298e-05
887,0.8183106,0.108353555,0.052932512,0.017756842,0.0026464092
888,0.9883989,0.002733306,0.007861426,0.00096923206,3.7156904e-05
889,0.6806486,0.14046387,0.13492957,0.04014398,0.0038139604
890,0.044086426,0.026023632,0.09230052,0.33557186,0.50201756
891,0.7322571,0.017931987,0.117759384,0.12735215,0.0046993704
892,0.9257096,0.015577277,0.048356414,0.010002493,0.00035419158
893,0.108141765,0.32322183,0.37511495,0.19267859,0.00084286
894,0.2655029,0.48158467,0.17992066,0.067728594,0.005263093
895,0.71773857,0.022200432,0.09519522,0.13109462,0.0337712
896,0.60090107,0.054873873,0.07892354,0.25857356,0.006727989
897,0.32209867,0.21254219,0.13632247,0.31119573,0.017840918
898,0.3030859,0.08244045,0.4012028,0.20543072,0.007840141
899,0.2628421,0.043428298,0.24481592,0.17992489,0.26898876
900,0.10562406,0.031941615,0.10571161,0.6336893,0.12303343
901,0.9608113,0.020701386,0.011430434,0.0068655442,0.00019135037
902,0.14665982,0.037923645,0.33606547,0.27593318,0.20341793
903,0.9243469,0.03886182,0.03162638,0.004254778,0.00091001566
904,0.3994599,0.46948117,0.08480009,0.044849332,0.0014095239
905,0.74658364,0.030896487,0.17617811,0.026857154,0.01948465
906,0.5918291,0.011374724,0.07006849,0.31419164,0.01253605
907,0.83189386,0.1317219,0.01903091,0.016141629,0.0012116312
908,0.064685255,0.0078076846,0.20760866,0.6178941,0.10200434
909,0.43501556,0.15482523,0.3172096,0.08860053,0.00434911
910,0.9526197,0.01936034,0.012556903,0.014495519,0.0009675903
911,0.7363657,0.18910593,0.06982506,0.004035224,0.0006681448
912,0.9871509,0.008943337,0.0034422355,0.000443066,2.0420879e-05
913,0.30616537,0.08950354,0.2933565,0.07464415,0.23633039
914,0.21813668,0.046779744,0.33425006,0.25000733,0.15082617
915,0.9916984,0.0003555095,0.0032012733,0.0047299527,1.4911415e-05
916,0.7563994,0.020913757,0.20622277,0.008825037,0.007639046
917,0.59948206,0.05660352,0.3015125,0.025280112,0.017121814
918,0.3019817,0.20629385,0.24208783,0.21497057,0.034666006
919,0.8770021,0.013677966,0.036780115,0.06800726,0.0045324997
920,0.8418301,0.013413801,0.09543929,0.046007335,0.0033094492
921,0.06222501,0.14631902,0.28318134,0.40451193,0.1037627
922,0.13251683,0.10082559,0.25663513,0.17542118,0.33460125
923,0.9873568,0.002757351,0.005580258,0.003771753,0.00053384627
924,0.8758111,0.04845057,0.072404616,0.0030068217,0.00032692836
925,0.8778438,0.038583823,0.06772764,0.014093375,0.0017513939
926,0.17351486,0.058048364,0.34471703,0.36741206,0.05630766
927,0.95666695,0.010301891,0.023934169,0.0078198435,0.0012770128
928,0.6081184,0.21859123,0.15714939,0.016007017,0.00013399999
929,0.03479182,0.041625306,0.1612194,0.700436,0.06192743
930,0.9816378,0.0050927033,0.010387712,0.0024369766,0.00044490592
931,0.31428432,0.028483162,0.043435168,0.58619905,0.027598323
932,0.26616627,0.1659412,0.17945747,0.3680404,0.020394681
933,0.17858095,0.6095777,0.20050493,0.010592958,0.00074345304
934,0.4776257,0.03757818,0.08259025,0.24817495,0.1540309
935,0.23471864,0.3115291,0.17830133,0.18482855,0.09062239
936,0.35170174,0.20777492,0.41876674,0.021256348,0.0005002314
937,0.47652543,0.12607968,0.2275447,0.14779918,0.02205097
938,0.05876127,0.055498544,0.11803586,0.75693303,0.010771328
939,0.051649142,0.102706455,0.67646813,0.16726707,0.0019091998
940,0.9248898,0.002929816,0.07043621,0.0017333325,1.0785305e-05
941,0.040391542,0.048449766,0.18528892,0.70902395,0.016845798
942,0.04078951,0.030059224,0.32881647,0.59931314,0.0010216681
943,0.19341066,0.61117035,0.173859,0.020171372,0.0013885546
944,0.889375,0.05064933,0.031409528,0.025291497,0.0032746682
945,0.10816458,0.044246703,0.23353769,0.42425108,0.18979998
946,0.13208959,0.027477724,0.27738568,0.3602368,0.20281027
947,0.24720891,0.3668079,0.2257641,0.14934972,0.010869389
948,0.04856093,0.81676286,0.07976823,0.054780815,0.0001271869
949,0.05099456,0.20010398,0.70573556,0.04220467,0.00096128375
950,0.9447671,0.0035661615,0.010171214,0.036417924,0.0050775744
951,0.044437815,0.063831754,0.66384697,0.17858733,0.04929616
952,0.17990571,0.040781904,0.52233756,0.12931053,0.12766425
953,0.37278733,0.35590634,0.00079362176,0.2703505,0.00016222263
954,0.86388725,0.065051146,0.053993236,0.01603909,0.001029264
955,0.096256986,0.06998228,0.36919427,0.46189526,0.0026712068
956,0.79000086,0.11718639,0.036391277,0.052115105,0.0043064966
957,0.12648071,0.045712,0.398654,0.3992848,0.029868428
958,0.11347087,0.42108396,0.32379478,0.13835555,0.0032948283
959,0.052230623,0.57101285,0.20502295,0.1693324,0.0024012343
960,0.13274471,0.26963556,0.46841374,0.123553805,0.0056522037
961,0.94062525,0.012376023,0.007655241,0.039280146,6.335689e-05
962,0.8830424,0.0037431254,0.099468976,0.013543914,0.00020158099
963,0.18866606,0.1477151,0.30996367,0.23003979,0.123615354
964,0.9508041,0.010342137,0.030735811,0.0066679837,0.0014500263
965,0.22797725,0.21140933,0.17128037,0.054499753,0.3348333
966,0.26548573,0.09115733,0.3292947,0.21236646,0.10169575
967,0.10364574,0.35297662,0.4405462,0.09573676,0.0070946966
968,0.35113928,0.12221485,0.5035384,0.018325876,0.00478163
969,0.98784155,0.010292881,0.0015678097,0.00027403454,2.3718483e-05
970,0.891422,0.0070412713,0.05715063,0.042557344,0.001828799
971,0.12508304,0.2668571,0.15859434,0.4326993,0.0167662
972,0.12751012,0.20697646,0.15820085,0.19841427,0.30889827
973,0.080524385,0.05197491,0.31549063,0.4432786,0.10873144
974,0.6612363,0.021049676,0.16206737,0.15317705,0.0024696402
975,0.8435415,0.063149184,0.07649784,0.016740793,7.0564725e-05
976,0.11195076,0.089063056,0.4082666,0.24476327,0.14595637
977,0.1750613,0.1384574,0.20551644,0.2910558,0.18990904
978,0.020162307,0.033149328,0.57489043,0.37054485,0.0012530616
979,0.677821,0.12146589,0.111755945,0.048954375,0.04000283
980,0.9776033,0.0026654035,0.01560049,0.003484758,0.0006460032
981,0.5692237,0.26689756,0.14334527,0.01938791,0.0011455275
982,0.059121262,0.019803606,0.19667958,0.6530499,0.07134566
983,0.4134738,0.20117567,0.17379299,0.19037195,0.021185534
984,0.64852774,0.057202358,0.11185914,0.11914265,0.06326811
985,0.98679185,0.008439769,0.0016822985,0.0030602142,2.5923815e-05
986,0.7535286,0.144202,0.07399164,0.023201218,0.0050766426
987,0.1557932,0.3886295,0.23815635,0.20470014,0.012720829
988,0.1360475,0.048013676,0.26992127,0.5376955,0.008322083
989,0.6542355,0.15506041,0.15496357,0.032776985,0.0029636093
990,0.07754168,0.04896171,0.19218072,0.4523248,0.22899112
991,0.043598756,0.03377516,0.24264565,0.6551858,0.024794606
992,0.055858623,0.022205273,0.31325233,0.46160245,0.14708133
993,0.35654134,0.20632401,0.36624017,0.061717425,0.0091770245
994,0.99559116,0.0031708432,0.0009860402,0.0002497803,2.2309016e-06
995,0.1976463,0.26789668,0.2777993,0.22483648,0.031821232
996,0.18518505,0.04776959,0.5607049,0.1955656,0.010774883
997,0.9924183,0.0019700637,0.005507785,0.00010301246,7.929023e-07
998,0.01072802,0.017761843,0.11670092,0.8488096,0.005999582
999,0.32924306,0.07999055,0.36843726,0.21000813,0.01232105
1000,0.04791581,0.18134266,0.10690383,0.652646,0.01119174
1001,0.9791419,0.0039911172,0.01314245,0.0032226944,0.00050191756
1002,0.20668794,0.21282803,0.16114883,0.21287419,0.20646101
1003,0.5794921,0.041185535,0.14248873,0.20790681,0.028926784
1004,0.13677065,0.05218022,0.08187815,0.15874295,0.5704281
1005,0.17525034,0.03820328,0.038439974,0.7353072,0.012799224
1006,0.43535915,0.038654283,0.24526916,0.27882224,0.0018951633
1007,0.09011472,0.26988485,0.39507893,0.20346463,0.041456927
1008,0.16091406,0.08789792,0.4117021,0.28084996,0.05863599
1009,0.20571259,0.31047118,0.36479065,0.09628986,0.022735735
1010,0.048345577,0.011856342,0.22667237,0.65851355,0.054612163
1011,0.09951268,0.12829284,0.114171535,0.61957157,0.038451403
1012,0.49790028,0.072570205,0.18295322,0.20693146,0.039644912
1013,0.7373773,0.03389473,0.21438187,0.0115886135,0.0027575593
1014,0.9458639,0.005503546,0.047099248,0.0014813236,5.2000658e-05
1015,0.11615411,0.2014701,0.57714033,0.09554896,0.009686467
1016,0.8668264,0.05841678,0.06248986,0.009721086,0.0025458753
1017,0.6600673,0.14381917,0.10408023,0.08573839,0.006294863
1018,0.39487654,0.0708676,0.18091385,0.26924175,0.0841003
1019,0.6924093,0.0029520006,0.10924027,0.19020613,0.005192361
1020,0.12294406,0.09290606,0.52376705,0.21673687,0.043646004
1021,0.26620102,0.1671896,0.23405896,0.27396968,0.058580715
1022,0.11549138,0.20101795,0.22468543,0.105194084,0.3536112
1023,0.970424,0.017095799,0.009482344,0.0029355844,6.223532e-05
1024,0.9486086,0.0041495203,0.040926497,0.006166511,0.00014889274
1025,0.9975924,0.00041170212,0.0019663158,2.9492203e-05,6.222352e-08
1026,0.85490286,0.029263875,0.092589624,0.0115942955,0.011649275
1027,0.6158519,0.16956349,0.11306587,0.091659576,0.009859181
1028,0.63279647,0.0694891,0.16263042,0.12554218,0.009541911
1029,0.03952677,0.06540133,0.19997045,0.4871372,0.20796423
1030,0.9092726,0.009455389,0.03608016,0.037540805,0.007651105
1031,0.9127384,0.05095115,0.011080754,0.024793629,0.00043594211
1032,0.0953322,0.24656954,0.33357045,0.2990146,0.025513196
1033,0.83488643,0.016831586,0.1428281,0.004033825,0.0014201144
1034,0.6951719,0.011259379,0.1692759,0.11699965,0.007293117
1035,0.18348938,0.21353403,0.16053684,0.20911813,0.23332165
1036,0.08875541,0.030112794,0.093485594,0.051748298,0.7358979
1037,0.10149092,0.15402624,0.11814549,0.43734092,0.18899642
1038,0.9906233,0.0042951354,0.0030836258,0.0019748844,2.3043653e-05
1039,0.3655307,0.079517685,0.293194,0.20306918,0.058688454
1040,0.8473665,0.012389776,0.101245485,0.018467817,0.020530436
1041,0.25872937,0.04730403,0.6006332,0.085438214,0.0078952275
1042,0.19522355,0.027889282,0.26614368,0.32905582,0.18168767
1043,0.056846734,0.03436862,0.22139923,0.55141586,0.13596956
1044,0.7857025,0.11664946,0.07527779,0.020833775,0.0015364138
1045,0.35906494,0.4782383,0.15018526,0.0115163,0.0009951608
1046,0.06187813,0.03609181,0.20079689,0.48853984,0.21269333
1047,0.12625794,0.06157396,0.25050613,0.50972664,0.051935367
1048,0.015346774,0.122797154,0.31605637,0.5431614,0.002638313
1049,0.96184653,0.0014188129,0.016435226,0.019641647,0.0006577363
1050,0.23631044,0.27698815,0.28955874,0.18445249,0.012690214
1051,0.13019341,0.20104098,0.5475586,0.11524551,0.005961432
1052,0.33087015,0.3643744,0.21768588,0.0855663,0.0015032636
1053,0.20875584,0.06811521,0.24522687,0.41303578,0.06486628
1054,0.2068374,0.54185486,0.23347881,0.015465127,0.0023638362
1055,0.2724362,0.100577936,0.16127478,0.40727827,0.058432855
1056,0.14358278,0.16934712,0.515686,0.15024024,0.021143878
1057,0.6362819,0.06644054,0.11845885,0.1546288,0.02418991
1058,0.77285624,0.13143751,0.07408077,0.0064482368,0.015177171
1059,0.12571788,0.51463795,0.25378445,0.10526458,0.0005951151
1060,0.1514032,0.049742162,0.40197092,0.309938,0.086945675
1061,0.32285875,0.04581502,0.31660035,0.19064592,0.124079905
1062,0.085555606,0.144044,0.15008949,0.54933184,0.0709791
1063,0.96443653,0.015044909,0.017829787,0.002677274,1.1645061e-05
1064,0.48201516,0.03426805,0.12164967,0.35267505,0.00939206
1065,0.095405005,0.039192557,0.35026366,0.38313493,0.13200383
1066,0.13987747,0.22681761,0.22942735,0.4013854,0.002492167
1067,0.56858456,0.083963156,0.0534214,0.255883,0.038147897
1068,0.7109701,0.022542145,0.25798318,0.008425728,7.89129e-05
1069,0.8706215,0.0060633253,0.059916094,0.046340488,0.01705856
1070,0.1317514,0.04612002,0.14944686,0.46938488,0.20329686
1071,0.92575604,0.0051180446,0.048196234,0.020729536,0.00020014051
1072,0.119175136,0.2075646,0.47091052,0.18351819,0.018831534
1073,0.4875609,0.256276,0.20424867,0.040005904,0.011908559
1074,0.03020043,0.2397835,0.63578415,0.09417976,5.2182837e-05
1075,0.9134275,0.019338476,0.06653138,0.00067458843,2.8125818e-05
1076,0.109278,0.076270804,0.28634897,0.48494884,0.043153446
1077,0.35952055,0.08426583,0.29153624,0.22029898,0.044378437
1078,0.11109384,0.15332885,0.49947235,0.21978582,0.016319174
1079,0.617935,0.093198635,0.09688715,0.15796916,0.034010015
