0,0.9999713,9.1349943e-07,2.620949e-05,8.710502e-08,1.5152659e-06
1,0.99978024,7.624579e-06,0.00019483858,1.6648499e-05,5.540705e-07
2,0.9993581,0.0006345037,6.329245e-06,1.6634058e-07,9.701631e-07
3,9.963469e-09,4.1052795e-12,1.1605421e-06,5.48e-09,0.9999988
4,1.639504e-08,6.171688e-08,1.9878101e-07,0.99999964,4.0205773e-08
5,0.99999595,3.7876855e-06,2.63484e-07,1.8959362e-08,1.8606881e-08
6,5.2379405e-06,7.8391493e-10,1.0786333e-08,2.4349304e-06,0.9999924
7,0.9999864,3.7619893e-06,9.6515e-06,1.0822709e-07,1.16284255e-07
8,4.2440228e-05,3.5990604e-07,7.676747e-06,0.99994135,8.17803e-06
9,3.1653458e-06,2.3995685e-09,0.99999595,8.558215e-07,2.528391e-08
10,1.1418819e-06,6.8658174e-10,3.7043484e-09,2.1259963e-08,0.9999988
11,0.00022753417,0.99971026,5.414656e-05,7.975947e-06,1.1641317e-08
12,0.9999697,3.942266e-06,2.037488e-06,1.146853e-05,1.2846667e-05
13,0.00018125628,5.926759e-07,0.9997904,6.1499522e-06,2.1587572e-05
14,0.99999964,2.2593015e-07,1.4358214e-07,2.0203625e-08,4.202886e-08
15,1.901316e-07,3.4064327e-09,3.6693036e-05,8.665297e-07,0.9999622
16,0.9999988,2.4344235e-08,9.88749e-07,1.8676919e-07,1.0635716e-08
17,5.6957625e-09,1.0,6.2698546e-10,1.3126001e-09,1.4422601e-14
18,0.99997866,6.9324146e-06,5.985894e-07,1.34269485e-05,3.006689e-07
19,0.99999917,6.422006e-08,3.7708682e-07,4.1707315e-07,2.8154572e-08
20,2.2130687e-05,8.159361e-05,0.00028796593,0.999603,5.3044346e-06
21,8.982306e-06,1.2496915e-06,0.9999318,5.7895508e-05,4.339373e-08
22,8.5777654e-05,8.395014e-06,8.612167e-07,0.99982774,7.728221e-05
23,0.9999999,6.211511e-08,3.5803854e-08,1.8439737e-08,5.704111e-09
24,5.6719415e-07,0.9999832,6.5908434e-06,9.640319e-06,2.532232e-10
25,0.9987613,0.001076924,0.00015365488,4.1369476e-06,3.9738147e-06
26,1.7712924e-06,1.255316e-06,5.577362e-07,0.9999962,2.161643e-07
27,0.0012418987,2.4691476e-08,0.9987417,2.7588712e-06,1.36883e-05
28,0.9999658,1.6507092e-05,1.3775365e-05,2.4254146e-06,1.3880222e-06
29,1.3931432e-05,2.7181258e-08,1.9055726e-05,0.9999639,3.0958104e-06
30,1.2002669e-06,0.99999845,1.8148074e-07,1.2663129e-07,1.0567732e-11
31,0.9997824,3.068226e-07,0.0002132952,3.8758776e-06,8.30932e-08
32,4.1434114e-06,1.8029501e-06,0.999987,6.9588555e-06,7.54355e-08
33,3.407783e-05,3.1689567e-07,2.5658006e-05,0.9997825,0.00015741105
34,9.583583e-08,0.9999962,2.9708806e-06,6.6238e-07,9.482576e-12
35,1.0,1.4573379e-08,1.3562829e-09,4.2978843e-10,6.410355e-10
36,3.537872e-07,2.681029e-07,0.9999944,4.7709377e-06,2.1207595e-07
37,0.00065880717,2.0498094e-06,4.9860437e-06,0.99929285,4.133065e-05
38,1.4848956e-06,4.9581694e-10,2.4863465e-07,3.1058178e-07,0.999998
39,0.99998426,3.740284e-08,1.4923681e-06,1.6041815e-08,1.414675e-05
40,7.037702e-09,1.0,1.542938e-09,2.0054669e-08,4.1019635e-13
41,0.99999964,5.770291e-09,8.9633254e-08,3.2593412e-09,2.1446688e-07
42,4.060955e-06,2.3760405e-09,0.9999958,2.5324741e-08,1.5073924e-07
43,0.99995434,1.1647331e-05,3.2695792e-05,1.2425241e-06,1.571479e-07
44,0.9999825,2.160519e-07,8.062801e-07,1.6127558e-05,3.8638035e-07
45,7.731062e-05,5.1236122e-05,0.99985766,1.3779919e-05,8.202831e-08
46,7.090513e-07,2.500579e-07,1.9118486e-05,0.99997807,1.927368e-06
47,2.2701799e-05,9.211484e-05,0.9995559,0.0003266873,2.5779436e-06
48,2.8118447e-07,2.7898164e-07,2.76264e-08,0.9999994,2.0548756e-09
49,0.99998105,1.2952912e-06,1.1645788e-05,5.618869e-06,3.5091887e-07
50,0.99982774,2.5581567e-05,0.00014512474,1.3672816e-06,1.1027853e-07
51,1.6980145e-07,0.99999464,3.8415756e-06,1.3593168e-06,1.0158204e-10
52,2.9985462e-05,2.076364e-06,0.9997558,1.678553e-05,0.00019533986
53,7.713261e-08,1.0345429e-11,2.9536032e-08,5.877778e-07,0.9999993
54,4.618063e-06,0.9999949,4.1198047e-07,6.793047e-08,2.001426e-11
55,1.8237914e-06,1.9742515e-07,0.999998,2.7399402e-08,1.1387727e-08
56,0.9999579,3.094928e-07,3.6375326e-07,1.2059077e-08,4.1332805e-05
57,1.444226e-06,8.569506e-12,1.474326e-07,3.4867276e-07,0.9999981
58,1.3428255e-05,4.3975414e-09,0.99997115,1.4855434e-05,4.9460203e-07
59,0.99999905,1.3964151e-07,7.372791e-07,5.0333977e-08,3.4699475e-08
60,8.7135115e-05,4.7281193e-07,0.9998678,4.333692e-05,1.195664e-06
61,0.99996257,3.122178e-05,5.2141913e-06,4.6431975e-07,4.7160114e-07
62,0.9999801,5.6944384e-07,3.3885664e-07,1.8370436e-05,6.057121e-07
63,0.99945134,1.8470321e-06,0.00052111427,2.5057678e-05,6.3805976e-07
64,0.99997723,4.880483e-06,1.4144398e-05,3.231187e-06,4.8622644e-07
65,0.9999918,9.776385e-07,3.8804847e-06,3.2756427e-06,4.398809e-08
66,0.00042172094,9.507076e-06,1.6431251e-05,0.9995104,4.185049e-05
67,6.244226e-06,5.1319455e-07,0.9998826,0.000110365014,2.7099398e-07
68,0.9999466,3.1550437e-07,1.8822459e-05,3.8263437e-07,3.3819382e-05
69,1.0668853e-05,3.7942564e-06,0.00070148386,0.9992804,3.615991e-06
70,0.9999894,1.4296915e-08,6.4657784e-06,4.0685613e-06,8.7637375e-08
71,8.518631e-06,0.999962,2.8579554e-05,9.1816105e-07,1.3004494e-09
72,0.99990535,5.145405e-06,8.538128e-05,2.4901228e-06,1.6147359e-06
73,0.9999436,2.401064e-05,3.0074903e-05,1.9199545e-06,3.7019862e-07
74,4.865474e-06,2.5323346e-09,0.99999475,7.744744e-08,2.908061e-07
75,2.9618936e-05,6.0101996e-07,0.0010973962,0.99886924,3.107878e-06
76,0.99999654,9.2408584e-08,3.3674776e-06,1.9002202e-08,1.7799882e-08
77,0.99995005,7.660501e-07,2.5179108e-05,2.4061199e-05,4.912959e-08
78,0.99978715,9.8308365e-06,1.5455651e-05,0.00018704952,4.5888487e-07
79,0.9999988,1.5248731e-09,6.65396e-07,4.6650703e-07,8.5477e-09
80,0.0001471694,3.881172e-07,0.9998461,5.481419e-06,9.0592016e-07
81,0.99999654,1.932137e-08,3.4658115e-06,1.09059926e-08,2.9221596e-08
82,0.0009418774,2.4709687e-05,0.99896216,7.085567e-05,5.0157246e-07
83,0.00029026865,0.9997093,2.895814e-07,4.1980766e-08,1.6429131e-07
84,0.999874,2.09761e-08,9.4770214e-05,3.087052e-05,3.2404517e-07
85,5.5294448e-05,4.872552e-07,0.9997552,8.801764e-05,0.000100962774
86,0.99917847,3.7458503e-07,0.0008151864,5.5582827e-06,3.777275e-07
87,0.99881846,0.0010056308,0.00012267646,3.73609e-05,1.5793732e-05
88,0.9999299,8.2213355e-06,5.9449554e-05,9.233703e-07,1.3737803e-06
89,3.0666957e-05,2.838878e-06,1.15019075e-05,0.99994624,8.704945e-06
90,1.9800407e-05,6.8712975e-06,6.361857e-07,0.99996877,3.907784e-06
91,6.9804734e-08,2.066228e-08,0.99979967,0.00011790656,8.238162e-05
92,0.9999794,1.1200887e-05,7.614609e-06,1.6953843e-06,9.549447e-08
93,0.9998055,2.138932e-05,0.0001618915,9.379354e-06,1.936368e-06
94,0.0003275931,6.2092945e-06,0.9995515,0.00010227409,1.2480999e-05
95,0.00023742396,0.9997615,7.5402926e-07,2.4878696e-07,7.9197406e-08
96,0.999676,3.9075394e-07,0.00031096675,9.330853e-07,1.174595e-05
97,6.527905e-06,5.4342767e-05,8.1470636e-05,0.9998379,1.9717061e-05
98,1.6882486e-06,7.225561e-07,0.9999969,5.7780017e-07,7.10355e-08
99,1.2565977e-07,1.2895377e-07,0.9999577,4.2009364e-05,8.90785e-08
100,9.014206e-05,3.7865104e-06,0.99989545,8.995548e-06,1.5924885e-06
101,3.066053e-06,1.5076213e-06,0.99999464,7.0057837e-07,6.953528e-08
102,4.9824807e-06,0.999995,2.1467768e-09,3.209762e-09,1.5195381e-11
103,0.9999994,4.8856776e-09,4.0879846e-07,1.1625383e-07,7.356341e-08
104,1.2701859e-06,1.0384985e-06,0.99999726,3.925591e-07,5.6698743e-09
105,0.99999654,6.276878e-07,2.6106313e-06,2.4832246e-07,1.0368451e-08
106,0.99999905,7.6656556e-07,5.3598846e-08,1.6171354e-08,1.2870784e-07
107,3.464253e-06,0.99999404,2.2280165e-06,1.9638311e-07,5.2622996e-11
108,2.7062866e-05,9.362693e-09,9.7550155e-06,3.943638e-06,0.99995923
109,7.399109e-08,0.9999999,1.0604238e-10,7.506427e-09,3.942818e-13
110,1.6385283e-07,1.502433e-07,0.99999905,5.094744e-07,6.02474e-08
111,0.9998745,3.2323774e-06,1.6083264e-06,4.080505e-06,0.00011668186
112,3.4569934e-05,1.5967703e-07,0.9998565,9.640638e-05,1.24342605e-05
113,7.346921e-05,6.754186e-05,0.9997484,0.00010947622,1.1036199e-06
114,0.999956,4.9118594e-06,3.782512e-05,1.120735e-06,1.4479721e-07
115,5.16352e-07,4.80267e-06,0.99999464,3.94675e-08,8.025037e-10
116,1.7729826e-05,2.1846247e-06,9.284101e-06,0.9999701,7.377501e-07
117,0.99999726,2.395375e-06,1.23619355e-08,2.410694e-07,1.2936438e-07
118,0.00030540008,3.960114e-07,0.9994931,0.00019478354,6.3456405e-06
119,0.00011069785,0.9998888,3.4750238e-07,9.480618e-08,5.820801e-11
120,1.2306549e-05,3.559013e-10,6.403951e-08,1.7099001e-08,0.9999876
121,0.99999666,3.1123918e-08,3.0781682e-06,2.4248615e-07,5.0271687e-08
122,1.5479692e-07,1.4492068e-07,1.253108e-07,0.99999964,8.695423e-09
123,0.9999865,3.2198539e-06,9.768669e-06,2.6032995e-07,2.4895166e-07
124,0.99999976,3.3412345e-08,1.9148041e-07,1.3384529e-09,3.5907715e-09
125,3.1661446e-05,7.294633e-07,1.3577925e-06,0.9999627,3.572435e-06
126,9.8837255e-08,4.0032413e-07,0.9999924,6.982459e-06,1.8482709e-07
127,4.4296975e-08,1.0701839e-10,1.0586433e-08,1.835145e-05,0.99998164
128,0.00020921585,0.00018360725,0.9996025,3.924436e-06,7.2055457e-07
129,5.7856696e-06,1.2027756e-08,0.9999913,2.8520694e-06,1.0165254e-08
130,3.0412334e-06,5.695878e-06,0.9999778,1.33820795e-05,6.586346e-08
131,0.9999968,2.9084154e-06,2.1572617e-07,2.313785e-08,4.199332e-08
132,2.5327852e-06,0.9999784,1.0650262e-05,8.31654e-06,1.5680928e-09
133,4.502791e-08,1.5440771e-09,3.2009921e-09,1.7332123e-07,0.9999999
134,0.9999658,4.209787e-06,9.6445554e-08,2.9741512e-05,1.5578495e-07
135,0.00014074182,6.5706786e-06,7.1213617e-07,0.99985147,4.850062e-07
136,0.99999714,6.935508e-07,1.0420102e-06,9.5007954e-07,6.887757e-08
137,1.7704546e-05,0.99998224,5.42011e-08,1.6149776e-09,1.7374545e-11
138,7.971384e-06,5.991188e-06,6.1460625e-05,0.9999238,8.134525e-07
139,0.99998343,1.4500114e-07,1.5896612e-05,4.919577e-07,1.0972203e-07
140,2.4725654e-05,7.980579e-07,0.99997103,2.9817622e-06,4.282089e-07
141,0.99994767,1.5888163e-07,5.0754483e-05,8.990345e-07,4.672811e-07
142,0.99998784,1.7473924e-06,8.346731e-06,1.8083001e-06,2.5606457e-07
143,0.00024978054,7.0377646e-06,0.99942195,0.00030560992,1.567053e-05
144,0.9998981,4.3878913e-07,6.0544997e-05,4.052815e-05,2.9822172e-07
145,4.8454655e-07,2.2391404e-10,4.3380045e-05,1.7898269e-06,0.99995434
146,0.00012484245,3.2747064e-08,0.9998728,2.111716e-06,1.4207322e-07
147,0.99998546,1.0311917e-05,1.0534868e-06,2.8063366e-06,3.013766e-07
148,3.1771253e-07,4.360167e-08,3.208237e-07,0.9999993,3.2308698e-08
149,0.99999607,6.5176797e-09,3.844367e-06,1.4028808e-07,4.08602e-08
150,0.99950135,0.0003710746,0.00012083163,1.7143365e-06,5.048113e-06
151,2.9669133e-08,1.1009867e-07,2.123419e-10,0.9999999,5.5019056e-09
152,0.9998939,4.5812122e-08,0.00010568298,3.694953e-07,4.1197758e-08
153,5.971124e-08,2.2373058e-08,3.2256696e-07,0.99999964,2.1157303e-09
154,0.99999523,2.8735494e-07,2.952099e-06,1.5068475e-06,1.6684305e-08
155,0.9998839,1.2963579e-06,0.00011394708,7.3647465e-07,1.2730912e-07
156,0.9994911,7.4888435e-06,0.00042958985,7.030272e-05,1.4979473e-06
157,0.99997556,1.4443711e-08,1.5716369e-05,8.618744e-06,8.9371284e-08
158,1.5434014e-05,1.100562e-06,0.99998164,1.6516934e-06,1.9161303e-07
159,0.00049902056,7.564778e-08,0.99949753,3.2749917e-06,4.2552735e-08
160,0.99999917,2.398357e-07,2.6974181e-08,1.13761324e-07,5.1609777e-07
161,0.9993405,1.8276409e-05,0.0006330664,7.3228407e-06,8.0912145e-07
162,6.0221164e-06,3.3916965e-07,0.9999869,6.7050228e-06,5.1769522e-08
163,6.4181825e-07,5.1403244e-08,0.999959,3.433614e-05,6.0548364e-06
164,4.3305205e-05,2.6333302e-07,0.000853547,0.9991027,2.14371e-07
165,0.99997234,1.2305464e-06,1.3325272e-05,1.1078732e-05,2.0665045e-06
166,0.9999267,3.7569265e-07,6.328828e-05,9.106575e-06,4.9007076e-07
167,0.00016498417,0.99983454,4.112138e-07,4.506024e-08,2.1882407e-09
168,3.110939e-06,0.99995697,3.7418253e-05,2.551658e-06,3.042072e-10
169,1.0,7.0159024e-11,4.751589e-08,5.7688265e-10,9.901164e-11
170,2.4908882e-06,2.5046238e-09,1.3103801e-05,7.7089607e-07,0.99998367
171,0.99960345,2.6917032e-06,0.00037347586,9.858755e-07,1.9380059e-05
172,0.99996066,3.285889e-05,4.4907106e-06,1.5250615e-06,4.2432467e-07
173,0.99998176,1.2442355e-05,7.0136586e-08,4.963412e-06,6.695623e-07
174,5.8426946e-07,5.8785233e-08,0.00031260945,0.9996823,4.499434e-06
175,0.99999416,5.747542e-06,1.4294666e-08,1.2511858e-07,1.0737684e-08
176,0.99999964,1.1255568e-08,3.78764e-07,1.4567169e-09,5.329631e-08
177,0.9999081,2.056394e-05,6.664038e-05,1.4170023e-06,3.2999246e-06
178,5.458602e-07,0.9999993,2.2511825e-08,8.931103e-08,8.266743e-12
179,0.9999976,3.2158465e-07,2.0249458e-06,4.374187e-08,3.647089e-08
180,0.9999964,7.341031e-07,2.6429966e-06,1.296722e-07,8.961057e-08
181,0.99999285,6.720968e-07,5.65388e-06,7.517313e-07,1.2915154e-07
182,2.1911783e-05,2.0203902e-06,1.9933312e-05,0.99995506,1.0215898e-06
183,0.9999968,1.4907971e-07,1.2826515e-06,1.9967933e-07,1.5422291e-06
184,8.528416e-05,6.0157e-06,0.00072889077,0.99917954,2.437704e-07
185,0.99999,1.8346213e-07,9.7457005e-06,3.1422065e-08,7.57269e-09
186,5.8758583e-06,9.568444e-10,2.921286e-07,3.4978723e-07,0.99999356
187,5.4782024e-05,2.673366e-05,0.9998909,2.735281e-05,1.8215356e-07
188,6.1092073e-06,4.1801638e-07,2.4544215e-07,0.9999932,2.2313083e-08
189,7.577551e-06,3.5574692e-06,0.00034593992,0.99963856,4.3248524e-06
190,4.6138066e-05,5.1148238e-08,3.2538523e-05,6.0388204e-05,0.9998609
191,1.670418e-09,6.365572e-08,4.1125056e-10,0.9999999,3.5970965e-10
192,8.454191e-06,0.99997795,4.5704905e-06,9.006979e-06,9.941389e-10
193,0.9999958,4.914808e-07,5.8749414e-08,1.7064622e-06,2.0336452e-06
194,8.734792e-08,1.9155319e-08,0.00010219309,0.99989104,6.7219153e-06
195,5.0423317e-08,1.963997e-09,0.99999845,1.1674507e-06,2.4838593e-07
196,7.4037966e-06,5.2712345e-08,0.9999838,4.7430776e-06,4.057983e-06
197,4.274645e-06,1.7189335e-07,2.1231745e-05,0.9999739,5.367292e-07
198,0.99983346,1.256945e-05,6.329198e-05,3.076083e-05,5.9853104e-05
199,1.6857653e-08,3.1837146e-06,3.248961e-06,0.99999356,1.3586554e-10
200,1.6735655e-07,0.9999701,1.0915199e-05,1.8814377e-05,1.152308e-10
201,5.607687e-06,0.9999554,3.8093956e-05,8.770542e-07,1.0006435e-09
202,3.881672e-06,1.0645463e-08,0.99999547,5.532931e-07,7.086002e-08
203,2.4452808e-07,0.99999475,3.4253067e-06,1.4991681e-06,3.126041e-11
204,0.99992,2.828452e-05,4.730139e-05,4.20539e-06,7.959267e-08
205,4.9033324e-06,1.1705424e-05,0.99992085,6.221606e-05,3.7633197e-07
206,6.097293e-05,3.766086e-05,1.0897264e-07,0.9999012,1.03523504e-07
207,0.9999201,9.635198e-08,7.875439e-05,9.2721436e-08,7.882268e-07
208,2.1906482e-07,0.9999994,1.9901282e-08,2.9958548e-07,9.777722e-12
209,1.24803855e-05,6.968645e-07,0.00014116871,0.9998379,7.751369e-06
210,1.6918257e-05,5.5579817e-06,0.99976116,0.00021609671,2.8387e-07
211,0.9999962,1.0417614e-07,1.361011e-07,3.3630379e-06,2.1065401e-07
212,0.9999994,8.8241664e-10,6.1949885e-07,1.4593704e-08,3.36086e-09
213,0.99999046,4.0681857e-06,4.933785e-06,4.7744214e-07,7.739188e-08
214,1.4251494e-05,0.99997103,8.669834e-06,6.1069804e-06,2.1930484e-09
215,0.9999944,2.7347253e-06,2.2933196e-07,3.3335252e-07,2.3165528e-06
216,1.4285474e-06,6.7806254e-06,1.0837889e-05,0.99997747,3.4906132e-06
217,0.99968135,5.4144317e-07,0.00030399347,1.1950061e-05,2.1780907e-06
218,0.9999902,8.000412e-06,1.2751873e-06,3.0566548e-07,7.8338196e-08
219,0.9999521,4.2264706e-05,4.410724e-06,1.2284015e-06,8.269394e-09
220,0.99955636,1.4526858e-05,0.00028697847,0.00012757018,1.4514823e-05
221,7.236333e-07,3.4435197e-07,7.372463e-06,0.99999034,1.1451165e-06
222,0.9999038,3.015964e-05,5.8705733e-05,6.4902074e-06,8.7860036e-07
223,2.1128773e-07,0.99999976,2.5571337e-10,3.0175173e-08,1.5593404e-12
224,1.2168392e-06,4.5442428e-09,0.9999974,1.3820322e-06,3.3041143e-08
225,2.660243e-05,3.971603e-10,3.302215e-07,1.4151373e-08,0.99997306
226,0.9999865,1.6099477e-08,1.0894122e-05,2.5153493e-06,9.7005085e-08
227,1.4740106e-06,1.7157863e-07,1.1965264e-07,0.9999962,2.1206954e-06
228,1.3086827e-06,1.1190527e-05,6.130529e-06,0.99998116,1.9075908e-07
229,7.4376635e-07,1.9955566e-07,7.264058e-06,0.9999895,2.2123868e-06
230,5.7697953e-06,5.351821e-09,0.9999627,2.8920986e-05,2.5312288e-06
231,0.99999666,1.9114685e-07,2.489137e-06,5.487279e-07,1.5037179e-07
232,0.00040513306,0.9995944,2.8202967e-07,1.3184554e-08,1.6278712e-07
233,0.99998987,4.334607e-06,4.7154904e-06,7.865232e-07,2.2832488e-07
234,4.1143218e-07,3.2331327e-06,1.2093962e-05,0.9999821,2.1246638e-06
235,0.9998498,6.454542e-09,0.0001402235,9.503324e-06,4.5161534e-07
236,2.7284328e-05,0.9998733,4.5037825e-05,5.441019e-05,1.932964e-08
237,0.99996936,3.1107077e-06,2.0693864e-05,6.6017797e-06,2.5628069e-07
238,0.9999759,4.9185996e-06,1.8781679e-05,1.6889065e-07,1.3730765e-07
239,0.9999778,2.7797614e-06,1.4985003e-05,4.2846164e-06,7.1053115e-08
240,0.999984,1.5688678e-05,1.3919667e-07,1.7531218e-07,4.748668e-08
241,3.9491624e-06,3.7531154e-07,0.9999409,5.43506e-05,4.2816495e-07
242,3.55283e-06,0.9999958,8.194393e-08,5.424933e-07,1.39081914e-11
243,0.00028027274,1.833161e-08,3.5422676e-07,8.140311e-06,0.9997112
244,7.202086e-07,2.5227172e-07,0.99999857,3.3629573e-07,1.03489164e-07
245,7.594667e-06,2.0778876e-07,0.999992,9.755576e-08,9.530451e-10
246,0.9999949,4.3005976e-08,1.2838943e-07,6.9028914e-08,4.874912e-06
247,0.9999989,2.899657e-09,8.405725e-07,6.9630595e-08,1.4919709e-07
248,0.9999777,3.1549556e-07,1.6964384e-05,2.0317259e-08,5.014768e-06
249,0.99997926,1.7184217e-05,3.0902534e-06,2.0812145e-07,2.8435682e-07
250,2.684774e-05,6.2791166e-08,2.0618161e-05,1.0883747e-05,0.9999416
251,0.00048955414,0.9994628,1.298222e-05,3.467381e-05,6.8485065e-08
252,0.9999876,7.798865e-07,1.0134365e-05,1.1125885e-06,4.0163692e-07
253,0.99999595,1.8473283e-08,3.429151e-06,2.6702625e-07,2.9880977e-07
254,3.0647465e-05,1.0602439e-06,0.9999255,4.2402662e-05,3.9691335e-07
255,3.0832377e-06,3.2202904e-10,4.860234e-05,5.418199e-07,0.99994767
256,0.99999976,9.714616e-08,1.2316737e-07,7.8117175e-09,1.0182262e-08
257,1.316138e-05,1.894281e-05,0.00027889345,0.99961686,7.210607e-05
258,9.2922403e-07,1.6892307e-05,1.0677743e-06,0.9999809,1.0926606e-07
259,0.9999989,5.7877037e-07,5.99926e-08,1.462935e-07,2.2505434e-07
260,3.1208056e-05,0.9999683,4.2673318e-07,8.153445e-08,1.5506112e-11
261,0.9999783,8.239504e-06,1.0948828e-05,2.3517548e-06,1.3376969e-07
262,2.112332e-06,7.738554e-07,3.1362404e-06,0.9999938,2.2822563e-07
263,0.00011391082,4.4287284e-05,0.9991027,0.0005676004,0.00017158834
264,5.5489534e-05,3.228631e-08,1.4025222e-06,3.0444984e-05,0.9999125
265,0.99999857,3.0215672e-09,1.3730114e-06,5.316792e-08,7.792615e-09
266,0.99998987,1.1627295e-06,4.4982502e-07,2.3770226e-06,6.136374e-06
267,0.99989533,9.74626e-05,2.3460716e-06,4.8485426e-06,3.1118507e-08
268,2.2373647e-06,1.6351895e-09,0.9996655,3.118391e-07,0.00033196318
269,0.9998472,5.9622084e-06,0.00014331739,3.481203e-06,1.587937e-07
270,0.999899,1.4791202e-07,9.471169e-05,5.449164e-06,5.458231e-07
271,6.078225e-05,0.9999143,2.4458006e-05,5.3383246e-07,1.3691664e-10
272,0.00043310956,8.168644e-05,0.9994536,1.4610306e-05,1.6975831e-05
273,0.99999344,1.7224922e-07,5.5547266e-06,4.768711e-07,3.4234947e-07
274,2.3385154e-07,1.122654e-05,6.8086947e-06,0.99998105,7.417724e-07
275,0.99996984,2.2271394e-07,2.2985489e-05,6.8641984e-06,1.314525e-07
276,1.419844e-06,2.0918367e-05,0.99997747,2.0359953e-07,7.0478596e-09
277,6.193085e-07,2.3954392e-06,0.9999944,2.4463357e-06,4.5163993e-08
278,0.00012878851,5.9636854e-08,2.6910639e-05,0.00012031562,0.99972385
279,0.9999999,2.4728415e-09,1.7550852e-07,2.5890664e-08,7.898e-09
280,0.9999558,2.5686313e-06,5.2744235e-07,3.747299e-05,3.6554363e-06
281,0.000113086055,1.9629886e-05,0.9998481,1.881418e-05,2.476788e-07
282,2.812925e-05,9.837041e-07,0.9999056,5.210243e-05,1.3226593e-05
283,3.8010953e-07,1.4339678e-07,0.99999905,4.0618912e-07,3.4448668e-09
284,1.7534812e-06,0.99999785,3.0302306e-07,9.224934e-08,5.7562816e-11
285,0.99982774,2.3692295e-05,5.9443337e-06,1.1918091e-06,0.00014140052
286,0.00028949376,4.4825636e-05,0.9996588,6.7983397e-06,1.0350059e-07
287,0.9980141,3.0915406e-05,0.0012563551,0.0006899842,8.723294e-06
288,0.00015529935,1.1123257e-09,1.1473807e-09,2.1436959e-07,0.99984443
289,7.057619e-07,0.000115817005,4.792871e-07,0.99988294,8.350254e-09
290,0.9999554,3.2548054e-05,1.1288821e-05,2.5138357e-07,4.7440219e-07
291,9.123352e-06,1.8785402e-08,1.1051855e-05,1.5866586e-05,0.9999639
292,2.857814e-05,0.99971515,5.5701883e-05,0.00020061753,2.8735787e-08
293,1.2704756e-05,2.6254373e-08,0.9999844,2.1363167e-06,7.66509e-07
294,0.9999988,1.4858182e-07,9.766763e-07,1.2121149e-07,5.3599038e-08
295,0.99999726,1.2683854e-07,2.8100281e-08,2.2477739e-06,3.6358483e-07
296,0.99993134,4.877116e-05,1.5052899e-05,4.8175866e-06,4.7200196e-08
297,1.6016985e-07,2.0346073e-10,0.99999976,2.8561107e-08,3.158859e-08
298,1.3480942e-06,3.7844853e-08,0.9999927,3.374978e-06,2.509059e-06
299,0.99990404,8.867744e-05,6.5524628e-06,3.0262788e-07,4.988325e-07
300,3.3597797e-05,4.5415265e-05,1.5268216e-06,0.9999124,7.0354317e-06
301,6.0883235e-07,5.7922725e-06,5.0999956e-06,0.99998844,3.0962905e-08
302,3.5675134e-06,4.015242e-06,0.99943775,0.0005539175,7.523709e-07
303,0.9999324,2.4005196e-05,2.7025337e-05,1.5072982e-05,1.436253e-06
304,0.000115018345,7.6255055e-05,0.99978775,2.0330677e-05,6.775018e-07
305,1.7028613e-08,2.2575702e-07,3.5939163e-09,0.99999976,2.2501951e-09
306,0.9999757,3.42637e-07,2.7620217e-06,6.047288e-07,2.0605929e-05
307,5.4251022e-06,1.2095295e-05,2.649653e-06,0.9999788,1.1406737e-06
308,0.9999951,5.730299e-07,3.545841e-06,6.978234e-07,5.4783627e-08
309,0.9999993,4.208307e-08,8.301518e-09,2.2961493e-07,5.1806734e-07
310,9.255156e-05,2.7935212e-07,0.99956316,4.7573085e-05,0.0002963359
311,0.9996182,3.7669322e-06,0.00034181605,3.1839238e-05,4.4406775e-06
312,3.9238195e-05,2.2407763e-08,0.9999589,1.1997994e-06,6.60002e-07
313,0.9999943,4.7388817e-06,2.5878316e-07,4.879242e-07,2.9221658e-07
314,0.999998,1.8681125e-07,1.775737e-06,2.4692609e-08,5.2351057e-09
315,0.9990182,0.0008693355,0.000102574006,5.7821458e-06,4.1491357e-06
316,6.011337e-07,3.153919e-07,2.3203888e-06,0.9999963,3.7080116e-07
317,3.36097e-08,9.685855e-07,3.4935633e-06,0.99999547,2.321809e-09
318,1.2868034e-05,6.010284e-06,0.9999522,2.8732999e-05,2.4644626e-07
319,5.169883e-07,6.8006514e-08,4.2512806e-06,0.99999404,1.015357e-06
320,0.99974805,7.802468e-06,0.0001980687,4.467364e-05,1.4660654e-06
321,1.0,9.653807e-09,4.262838e-09,8.906298e-10,1.972127e-09
322,0.9999838,2.2859997e-07,9.931612e-06,4.618148e-06,1.474355e-06
323,0.99999094,4.689919e-06,1.6165504e-06,1.8999199e-06,8.483599e-07
324,0.9999554,1.9076819e-05,2.5278827e-05,6.77221e-08,1.2255943e-07
325,0.99999404,3.9681963e-06,1.6452134e-06,7.003277e-08,2.2037726e-07
326,2.5112227e-05,7.468706e-06,0.9999521,2.6528842e-06,1.2643489e-05
327,0.9996045,0.00034840562,4.5253182e-05,1.4735471e-06,4.1361363e-07
328,0.99997854,4.492035e-07,1.7621485e-05,2.2637757e-06,1.070341e-06
329,0.9998196,4.301882e-06,0.00015429032,2.0059668e-05,1.8248003e-06
330,2.1572084e-06,9.7090306e-05,6.486229e-06,0.9998933,8.806934e-07
331,0.00011444894,4.9752575e-08,4.6193577e-06,0.9998517,2.9160456e-05
332,9.65172e-05,0.999902,2.2474214e-07,1.1480133e-06,2.5008298e-09
333,4.711595e-10,2.4976209e-11,1.6545093e-10,1.0,9.323009e-10
334,0.9999521,1.9589425e-08,4.7753267e-05,1.5538161e-07,2.3694119e-08
335,0.9999864,9.8963e-09,1.3338022e-05,1.4868431e-07,1.0361352e-07
336,3.2653614e-05,9.493968e-06,3.8714074e-06,0.999951,2.9346638e-06
337,8.924908e-05,1.5606376e-05,0.99988747,7.3405286e-06,2.3071657e-07
338,0.99984384,4.4913895e-06,3.5036164e-06,0.00014790945,2.5537855e-07
339,0.0002565753,2.1266487e-05,1.2610211e-06,0.9997205,3.6491136e-07
340,7.329213e-08,6.024777e-08,2.94028e-06,0.9999517,4.5175748e-05
341,0.9998456,7.374593e-05,7.842094e-05,2.114857e-06,1.4894195e-07
342,0.999997,2.6727582e-08,1.4052582e-06,1.5400367e-06,3.823485e-08
343,0.99997234,4.4085527e-07,1.4560676e-05,9.331772e-06,3.2832852e-06
344,8.562868e-06,1.5990198e-06,4.1635326e-06,0.999982,3.6820393e-06
345,3.852305e-05,8.585893e-05,8.061766e-06,0.9998573,1.0319035e-05
346,3.0861494e-07,5.036336e-07,1.9946242e-06,0.9999937,3.533717e-06
347,0.9995036,4.060313e-07,0.0004827933,3.1145291e-06,9.994163e-06
348,0.00011285574,2.2557954e-07,0.9996902,0.00019351,3.167219e-06
349,1.5348259e-07,0.9999994,2.7305106e-07,6.5289406e-08,2.0670507e-12
350,3.8326275e-06,7.5296657e-07,8.9827045e-06,0.9999858,6.47966e-07
351,0.99999845,2.1142695e-07,8.0816946e-08,1.2195787e-06,5.5365312e-09
352,0.99968064,9.975068e-06,0.0002906068,1.6827415e-05,1.927269e-06
353,0.99999225,1.5900323e-06,5.9625213e-06,9.408046e-08,6.000571e-08
354,3.2702044e-06,7.860138e-09,1.744044e-08,4.5332574e-05,0.9999515
355,5.4294796e-05,0.99987113,5.0890427e-05,2.3639042e-05,2.2144468e-08
356,7.9057133e-07,4.566082e-09,0.99999666,2.5572872e-06,5.8341985e-08
357,2.6876373e-08,1.9252542e-11,2.7211537e-09,3.6371915e-08,1.0
358,5.681187e-06,0.9999863,7.2385164e-06,8.246397e-07,1.3373701e-10
359,6.0039188e-06,1.46747965e-08,0.9999789,2.4053186e-06,1.2664584e-05
360,1.7444421e-06,4.7000412e-08,1.4571732e-06,0.99999654,3.028216e-07
361,0.9998492,0.0001503963,1.0369025e-07,1.0574423e-07,6.770147e-08
362,0.9999976,2.7228502e-09,2.3925086e-06,3.7432677e-08,1.9592212e-09
363,0.999995,2.1349706e-06,2.3653777e-06,3.3571646e-07,1.2924471e-07
364,1.5861238e-07,1.1373898e-08,1.8418143e-09,0.99999976,4.040211e-08
365,4.2614113e-07,1.6971943e-09,0.9999856,6.082349e-06,7.880052e-06
366,0.9999976,5.529596e-08,1.8704072e-06,4.6974495e-07,5.138347e-08
367,0.99998987,1.7691093e-07,9.7601815e-06,2.1385453e-07,4.05569e-08
368,1.7610267e-07,7.6935214e-07,0.9999988,1.9073717e-07,5.1092854e-09
369,0.99998236,1.7134327e-05,4.0926506e-07,7.2209815e-08,7.514105e-08
370,1.4230372e-06,1.0503426e-07,2.6585315e-07,0.9999981,6.6378725e-08
371,5.1692416e-07,3.5323872e-08,9.0447524e-05,0.9999082,8.660236e-07
372,0.9995951,0.000390357,1.3471386e-05,1.0137699e-06,1.3742523e-07
373,0.9999995,3.2661617e-07,9.038692e-08,9.662529e-10,1.4230779e-09
374,8.1509475e-09,1.0,2.343448e-08,1.1315844e-08,1.8648088e-13
375,0.9999999,1.7968923e-09,6.998511e-08,3.3381994e-10,3.5518972e-09
376,2.5115338e-05,2.3373047e-08,0.99997485,2.8417759e-08,2.6961645e-08
377,0.9996475,5.255904e-07,0.00031205648,3.9287865e-05,6.4533157e-07
378,0.99997103,6.720543e-06,9.5233435e-07,1.7524473e-05,3.844201e-06
379,0.9999913,3.5405662e-08,7.924191e-06,5.717956e-07,1.91345e-07
380,0.9999999,7.584733e-09,3.195467e-08,2.9483424e-08,6.4214476e-08
381,0.99999464,1.2377764e-07,4.1410335e-06,8.070634e-08,9.3348064e-07
382,0.99998224,3.866691e-06,3.3533927e-06,1.0209958e-05,3.9678673e-07
383,0.9998548,5.5019127e-06,8.453034e-05,5.360766e-05,1.5554328e-06
384,0.00021075849,1.3893707e-06,0.99973804,1.9321158e-05,3.044789e-05
385,0.99998415,3.265588e-09,1.5142071e-05,1.5862298e-08,7.502015e-07
386,3.157908e-05,4.989191e-09,0.9999423,1.4814712e-07,2.5972231e-05
387,0.9999615,2.3589546e-08,9.635418e-07,3.6599205e-05,9.036362e-07
388,1.7469408e-06,4.6343652e-07,2.4961741e-07,0.9999974,1.08359444e-07
389,0.99993646,5.413118e-07,4.008205e-05,2.228529e-05,6.628168e-07
390,0.9999999,1.3959902e-07,3.5389153e-08,9.792822e-09,6.079272e-09
391,8.37757e-07,6.2934595e-09,0.99999785,1.1799309e-07,1.1732853e-06
392,0.00017375463,2.9366845e-07,9.651414e-05,0.00013278937,0.99959666
393,0.00016944225,2.2568849e-05,0.9996761,0.00013135168,4.4258636e-07
394,1.0,7.2041256e-10,3.136412e-08,6.0327463e-09,3.2060519e-09
395,0.00082291214,0.99917346,4.7458667e-07,3.1646204e-07,2.8009604e-06
396,0.99999785,2.0277832e-06,7.417958e-08,2.4375899e-08,2.033077e-08
397,0.9999453,5.1732903e-05,2.5014308e-06,5.2773515e-07,5.8431837e-09
398,8.550355e-08,3.5985862e-10,3.0124937e-05,3.944643e-07,0.99996936
399,5.6626313e-06,9.349542e-05,4.3542314e-05,0.99985623,1.0800211e-06
400,0.9999963,3.6352294e-06,1.1965487e-08,1.9336952e-09,2.3741977e-09
401,0.9999969,8.586121e-08,2.9577654e-06,5.511649e-08,1.6429262e-09
402,0.00015038239,2.2330429e-08,4.386114e-06,1.1323827e-05,0.9998338
403,0.00014861902,6.075072e-06,7.166884e-05,0.9997727,8.821405e-07
404,4.3063537e-05,0.9998957,4.3111944e-05,1.8122033e-05,1.40764405e-08
405,0.9998586,6.58095e-05,3.947819e-07,5.264921e-05,2.2578008e-05
406,6.3378254e-09,2.408393e-07,1.2901572e-08,0.99999976,1.5446867e-09
407,0.99985147,5.221503e-06,0.000110039364,3.276003e-05,5.091418e-07
408,0.0001137903,1.8476358e-05,0.99984515,2.2339409e-05,2.596015e-07
409,9.61899e-06,0.9999902,2.8347698e-09,1.6669757e-07,6.619591e-11
410,3.7793227e-05,1.6186544e-06,4.4429003e-06,0.99995077,5.285301e-06
411,4.625672e-06,6.255992e-06,1.3395169e-07,0.9999865,2.4877354e-06
412,0.9999683,8.981309e-07,2.9175344e-05,1.6440102e-06,3.7918852e-08
413,0.99999917,3.4964242e-07,2.939596e-07,1.5570266e-07,1.246867e-07
414,1.6446787e-06,3.4909695e-09,0.99999714,1.0411551e-06,9.721412e-08
415,1.6165912e-05,9.5189325e-06,2.5856134e-06,0.99994123,3.0513704e-05
416,0.9999999,3.105126e-08,1.15446035e-07,2.8419281e-08,7.981821e-09
417,4.2747313e-05,0.9998524,9.5538955e-05,9.23736e-06,1.6252343e-08
418,3.6731024e-05,0.9999002,5.2191368e-05,1.0836782e-05,3.1621477e-09
419,3.6586414e-06,2.2526343e-07,0.99998915,6.9734197e-06,8.278179e-08
420,0.99999964,3.435101e-08,3.9427465e-07,6.5676447e-09,1.1549677e-09
421,7.3329775e-06,0.9998319,4.439478e-05,0.000116221236,9.250376e-08
422,1.1216506e-06,9.870709e-08,6.2740964e-06,0.9999925,6.2591523e-09
423,0.99994767,1.2738726e-06,4.986155e-05,3.363925e-07,8.7175556e-07
424,0.9999362,9.166357e-06,5.0626764e-05,3.1192728e-06,8.3828957e-07
425,9.751226e-06,2.547561e-06,0.9998368,0.00011776047,3.315172e-05
426,0.9999672,7.961336e-06,2.2215421e-05,2.176072e-06,4.6635088e-07
427,2.1326032e-06,3.8122403e-06,1.171992e-06,0.9999927,1.4902751e-07
428,5.8031264e-06,1.0553634e-06,7.664493e-07,0.99999225,5.9481298e-08
429,8.545139e-07,6.117784e-07,1.749684e-08,0.99999857,2.0490239e-08
430,4.8935384e-05,1.7456237e-07,0.9997434,0.00017498234,3.2510598e-05
431,0.999995,8.4317855e-07,1.1445334e-06,2.5836844e-06,3.6083884e-07
432,0.9999138,1.4564838e-05,4.090306e-05,3.0300485e-05,4.778929e-07
433,0.99999106,2.651173e-07,4.77587e-06,3.8325197e-06,1.3267078e-07
434,2.0646296e-05,1.4589293e-07,8.69669e-06,5.1812796e-05,0.9999187
435,0.99999976,1.1952003e-08,9.060408e-08,5.3698344e-08,8.975913e-09
436,2.3399007e-06,2.7583388e-08,0.9999957,1.7161561e-06,1.1100089e-07
437,2.1799746e-05,6.614326e-06,3.146706e-06,0.9999683,2.1223994e-07
438,1.8827293e-05,0.99997747,2.0815953e-06,1.6224408e-06,3.610337e-10
439,1.2402759e-06,0.99996865,4.082426e-06,2.6035683e-05,7.5987405e-10
440,3.8170965e-05,4.6435125e-07,0.9999503,1.0626781e-05,4.5542808e-07
441,0.99995255,4.3091746e-05,1.2473612e-06,5.697312e-07,2.5637087e-06
442,2.2774802e-06,2.9517238e-07,5.9725004e-08,0.9999974,7.4536635e-09
443,2.5916345e-09,7.6793454e-11,1.0,3.318346e-08,2.2392087e-10
444,1.2164708e-06,0.9999988,2.352831e-09,2.1225604e-08,6.7947965e-12
445,1.2116111e-05,1.0132932e-05,0.99996746,1.0272872e-05,3.8588364e-09
446,0.99993706,3.6495787e-06,2.1666625e-05,3.7357753e-05,1.9655347e-07
447,2.5881423e-06,4.0481297e-07,6.611092e-05,0.9999298,1.186951e-06
448,0.9999993,3.5142796e-07,1.4727244e-07,2.2564456e-07,1.6580922e-08
449,0.99999547,4.791395e-07,1.9500822e-06,1.9759145e-06,9.025872e-08
450,0.99999523,4.330706e-06,4.434545e-07,9.138777e-09,2.4901828e-08
451,3.908328e-05,0.99996066,1.157896e-07,9.6471005e-08,5.381089e-11
452,0.9999968,1.5866631e-06,1.0306787e-06,4.410162e-07,1.3268038e-07
453,1.0,2.9152332e-08,4.13565e-09,4.4789747e-10,1.7485954e-08
454,1.5481447e-07,0.9999995,2.6776266e-07,4.3220694e-09,1.1373351e-12
455,0.999995,4.8332136e-06,9.095028e-08,9.632832e-08,8.0546364e-10
456,0.9999975,5.657328e-07,1.9312417e-06,8.936829e-08,5.138444e-08
457,0.999998,6.2130866e-08,1.8504795e-06,4.2137952e-08,2.7572353e-08
458,5.945668e-06,0.99988055,0.000113258306,2.9412638e-07,1.5937301e-10
459,0.9999982,3.173821e-07,1.0917687e-06,2.8115116e-07,7.5167904e-08
460,6.5826745e-05,4.214581e-06,0.99982685,9.101902e-05,1.2149603e-05
461,1.1602086e-07,1.8200684e-09,6.4304895e-09,0.9999999,4.1492655e-08
462,0.9995931,1.5167499e-06,9.715803e-05,0.00030752126,8.599354e-07
463,5.162635e-07,1.8714222e-07,0.9999989,3.6093766e-07,1.1426727e-08
464,9.743982e-08,1.9654708e-05,5.031475e-07,0.99997973,1.6740997e-10
465,1.9489606e-05,3.0575237e-08,0.9999794,4.021771e-07,6.9787166e-07
466,0.99977666,4.5190477e-06,2.7268163e-07,1.2455461e-05,0.00020619055
467,0.99992025,2.1755062e-07,4.6094625e-05,1.3845311e-06,3.2060656e-05
468,0.99900013,0.0007507811,0.00024628223,1.1615234e-06,1.702508e-06
469,8.143994e-06,1.4870066e-06,3.3887486e-07,0.99999,7.575813e-08
470,6.7616617e-07,6.3490285e-10,3.3528852e-07,3.8729882e-05,0.9999602
471,2.0722133e-05,0.9999707,7.631532e-06,9.517783e-07,5.1713394e-09
472,0.9999963,2.9719863e-06,6.999163e-07,7.1335755e-09,2.6606586e-10
473,0.99963784,4.7595763e-06,0.00033953795,1.7571003e-05,3.4435473e-07
474,9.471938e-05,3.1813335e-07,0.9998925,1.15952425e-05,8.852668e-07
475,3.106894e-06,3.3216234e-05,0.999828,0.00013543187,1.903136e-07
476,0.9999999,4.449424e-08,2.1543562e-08,3.2257244e-08,4.8251794e-09
477,3.787839e-07,2.6920616e-10,1.5554774e-06,2.1692524e-07,0.99999785
478,0.00015548103,9.577876e-05,0.99952126,0.0002267361,7.078661e-07
479,0.9997702,6.2850165e-07,0.00020802807,2.066604e-05,4.4256768e-07
480,0.9999989,4.197597e-07,1.0932953e-07,2.082703e-07,3.0357327e-07
481,2.1553226e-06,5.340005e-07,0.99999726,6.809941e-08,1.1135126e-09
482,0.99999726,7.138721e-07,9.5109857e-07,1.0069572e-06,1.1116802e-07
483,0.99998116,2.5880712e-07,1.358484e-05,3.454415e-07,4.6097407e-06
484,0.9999958,1.8572868e-07,3.6088443e-06,4.301584e-07,3.9832063e-08
485,5.9201288e-05,1.2471205e-07,0.9999374,2.7217075e-07,3.0732106e-06
486,1.094666e-05,6.3110965e-06,3.255404e-06,0.99997485,4.64564e-06
487,0.99999976,2.5247542e-07,1.0827122e-08,2.5052853e-09,3.44005e-09
488,8.034853e-05,6.463264e-07,1.4532611e-06,0.9999175,6.232526e-08
489,0.99987817,7.1499504e-05,3.457652e-05,8.243796e-06,7.566938e-06
490,0.000112704256,1.0608516e-06,0.99985945,1.4040222e-05,1.2670053e-05
491,0.9999807,5.220888e-06,6.5292297e-06,2.4893538e-06,4.9921555e-06
492,0.99991107,4.851637e-07,5.685906e-05,9.167691e-06,2.240848e-05
493,0.9999974,1.70761e-07,8.008725e-07,1.4002066e-07,1.4249022e-06
494,4.8602897e-07,3.7784638e-09,0.9999993,2.4558508e-07,2.4445587e-08
495,3.4114248e-06,1.7499007e-06,3.2749583e-06,0.9999888,2.787214e-06
496,0.9991698,5.80266e-05,0.00059725915,0.00017035248,4.6439013e-06
497,0.00023181029,2.3257078e-07,0.999764,3.4033148e-06,4.5579685e-07
498,5.1752704e-06,0.99999475,4.033423e-08,7.795426e-09,1.9751072e-11
499,0.99997807,3.3626063e-07,1.777663e-05,3.5481112e-06,2.908573e-07
500,0.99999726,4.2889857e-07,1.63892e-06,4.7994894e-07,1.04025744e-07
501,1.9217152e-05,9.120858e-08,0.9997334,0.00023587496,1.137388e-05
502,1.7965968e-06,4.2329688e-05,0.99982905,0.000119503056,7.252427e-06
503,0.9999964,1.138979e-07,2.775051e-06,2.7571247e-07,4.4625756e-07
504,4.6316467e-07,0.9999989,2.99115e-08,6.491336e-07,4.8026468e-11
505,8.897553e-10,1.1475765e-13,8.713244e-08,1.0161503e-12,0.9999999
506,0.9999995,2.1370399e-08,1.8100958e-07,2.698828e-07,6.9379924e-09
507,0.99990666,1.349126e-05,4.7861657e-05,2.7218706e-05,4.603251e-06
508,8.817733e-05,2.941653e-06,0.9999075,8.199677e-07,5.400256e-07
509,8.310388e-06,2.2640188e-05,0.99995565,1.27795e-05,6.563299e-07
510,0.9999988,9.663219e-07,2.8490635e-07,3.6856246e-08,3.3779546e-08
511,0.99987674,7.05338e-06,0.00010518305,8.12382e-06,2.9605228e-06
512,6.590999e-05,7.1215504e-06,2.996894e-06,0.9999175,6.4713654e-06
513,1.7441273e-05,3.8563066e-06,6.213507e-06,0.99997103,1.5215937e-06
514,1.5964335e-06,5.632242e-06,2.4312008e-06,0.9999902,8.926679e-08
515,0.9999832,8.790478e-06,7.905242e-06,6.304303e-08,1.3222032e-07
516,0.99995625,3.4765046e-07,4.064004e-05,2.6611763e-06,1.2749986e-07
517,0.99982244,1.8813741e-06,2.7924025e-05,0.00014579632,1.9999316e-06
518,0.99999917,6.187621e-08,1.6798313e-07,3.3546916e-09,5.791752e-07
519,7.758155e-05,6.504678e-07,0.99992085,6.773782e-07,2.5268093e-07
520,4.7479996e-05,7.1558865e-08,0.9997311,0.00020236167,1.8892722e-05
521,8.500321e-06,1.9852953e-10,5.712892e-09,6.010439e-06,0.9999856
522,0.99999976,7.024656e-08,6.139753e-08,4.6996687e-09,4.1217635e-10
523,2.2573853e-11,1.0,1.9824661e-11,5.1781357e-12,3.1938886e-16
524,3.8109881e-06,0.9999962,3.6067016e-10,4.3641638e-08,1.5668754e-11
525,0.9999995,5.0360317e-08,5.231725e-07,7.0889334e-09,6.6454926e-09
526,3.7289599e-06,2.5026961e-06,1.4001362e-06,0.99999225,1.6964017e-07
527,1.9749205e-06,1.1530885e-08,0.999992,1.6339402e-07,5.939915e-06
528,0.9999875,1.0556589e-05,1.4864321e-07,9.724828e-07,8.8206247e-07
529,6.716579e-07,1.4082744e-07,0.99999106,7.812965e-06,2.9235724e-07
530,0.99999964,4.2190617e-08,3.3228812e-07,5.230034e-09,3.119091e-09
531,0.9986596,9.7270145e-05,0.0011705246,6.672337e-05,5.883963e-06
532,9.312824e-06,1.6186904e-06,0.99992335,6.5563116e-05,1.3994637e-07
533,0.0001734727,2.0015484e-06,3.1926586e-05,8.589315e-05,0.99970657
534,0.9999906,4.170477e-07,4.88275e-06,3.898946e-06,2.7927624e-07
535,1.0,1.219476e-08,4.7116092e-08,1.7639398e-09,2.549417e-09
536,1.116365e-05,0.99998355,3.7085886e-06,1.5076305e-06,2.2585478e-09
537,0.9999914,1.746245e-07,3.3741048e-06,4.3720033e-06,6.6598716e-07
538,0.9999846,2.5287943e-06,1.2625995e-05,4.7388088e-08,1.3381161e-07
539,0.99999595,4.211422e-07,3.1234688e-06,4.206826e-07,9.9365344e-08
540,6.2672164e-08,7.801086e-09,2.7607592e-07,0.99999964,1.0938316e-08
541,0.9996722,1.5532523e-05,0.00028775004,2.3487231e-05,1.0674802e-06
542,8.0223356e-07,2.026364e-10,2.1346705e-07,9.6753304e-08,0.9999988
543,0.00018900071,8.379433e-06,0.9997352,6.742518e-05,2.7991932e-08
544,0.9998184,0.0001067837,7.357715e-05,5.436959e-07,8.1422974e-07
545,0.99997795,7.4317875e-08,1.374961e-05,8.147096e-06,1.3390404e-07
546,9.371334e-05,0.99990594,1.7758319e-07,6.287965e-08,4.41913e-10
547,0.9999485,2.4121815e-07,4.6117162e-05,5.107283e-06,5.109655e-08
548,0.99995315,4.058161e-06,3.0093523e-05,1.1868096e-05,8.2269105e-07
549,0.99998426,1.0693885e-05,1.3105895e-07,2.2826394e-07,4.649531e-06
550,8.245703e-06,7.179414e-06,3.645315e-05,0.9999454,2.7064077e-06
551,0.9999857,1.1279434e-07,8.0951285e-10,2.2746947e-06,1.1950894e-05
552,0.9997596,0.000116143805,9.954914e-05,1.9887455e-05,4.8533525e-06
553,1.095751e-08,0.9999981,1.6279502e-06,2.7566168e-07,1.0786332e-12
554,1.3636281e-05,3.324313e-09,0.9999603,2.5520429e-05,5.8091945e-07
555,0.99999094,2.3700397e-06,5.984344e-06,2.165009e-07,4.915693e-07
556,3.9459865e-06,1.317908e-07,0.99997187,9.002227e-06,1.5023448e-05
557,0.9999976,3.8119407e-07,2.543027e-07,2.3301292e-08,1.79673e-06
558,6.675388e-07,3.9667884e-05,1.8476744e-06,0.9999572,5.392743e-07
559,0.9999994,1.39009435e-08,4.1053622e-07,1.6558208e-07,8.901847e-09
560,4.306045e-05,7.726991e-05,0.999843,3.6520156e-05,8.1550056e-08
561,6.025743e-06,2.3847053e-07,0.99999,3.1579095e-06,6.5614773e-07
562,3.3271263e-05,0.99996114,5.2633545e-06,3.1631453e-07,2.0401476e-10
563,0.9999107,4.3616008e-05,4.1958945e-05,3.2475148e-06,4.4510577e-07
564,0.99971634,0.00011244701,6.0703637e-06,0.00014867925,1.6459044e-05
565,1.2744559e-07,0.9999988,6.889532e-07,3.9650922e-07,1.3093492e-11
566,0.9999938,5.2281416e-06,7.8576375e-07,7.967114e-08,3.9902545e-08
567,0.9999522,2.0534185e-06,1.7431385e-05,2.7433041e-05,9.513814e-07
568,0.9999927,5.099023e-07,6.769125e-06,2.2539606e-08,2.3709866e-08
569,0.9999821,2.3562681e-07,1.2462988e-05,3.7360162e-06,1.4595555e-06
570,0.9999784,1.2188752e-08,2.1048743e-05,3.9121076e-07,8.687253e-08
571,0.00031411153,0.00014562086,0.9994918,1.13565e-05,3.715314e-05
572,0.9999937,3.8540225e-06,1.946905e-06,2.831983e-07,2.5984414e-07
573,0.9996462,5.6355148e-06,0.00034074634,7.164272e-06,3.5961733e-07
574,1.0,6.018908e-09,2.2297195e-08,1.3653341e-08,8.93044e-09
575,1.2940604e-06,1.6370084e-08,0.99999845,1.2197725e-07,1.6402817e-07
576,0.0007404597,7.689981e-07,0.99918514,2.3829542e-05,4.9788854e-05
577,7.6570547e-07,2.6086886e-06,0.9999616,3.2789834e-05,2.1568742e-06
578,0.9995437,7.540584e-05,0.00025098684,0.0001202507,9.7001075e-06
579,0.9999989,8.115932e-11,1.0583396e-06,2.8027689e-08,2.2157396e-08
580,9.4877464e-07,7.841992e-06,3.9351067e-07,0.99999034,4.2061927e-07
581,1.4078397e-07,7.0150184e-11,4.0862593e-09,4.6242423e-08,0.9999999
582,1.3907825e-06,8.007059e-11,0.9999974,1.496326e-07,1.0628511e-06
583,3.736705e-05,2.2814738e-05,1.08042095e-05,0.99992645,2.6593061e-06
584,1.4278913e-06,6.5332394e-08,0.99999774,4.3961157e-07,3.7694605e-07
585,0.99999845,7.031098e-07,2.220872e-07,5.8279113e-07,1.2731295e-08
586,0.00019878,1.164072e-05,3.7086184e-07,0.9997862,2.9274497e-06
587,1.7228953e-05,4.955722e-05,0.9999299,3.2423377e-06,6.6038304e-08
588,1.7451785e-07,3.1419683e-07,6.005399e-08,0.9999994,2.52373e-09
589,1.149271e-05,3.3372712e-07,6.0023183e-05,0.9999263,1.7458026e-06
590,0.99999964,1.0384005e-07,2.0289909e-07,1.4690393e-08,6.1800955e-09
591,2.0263512e-08,4.2313713e-09,0.9999591,3.2739442e-07,4.0513078e-05
592,0.9999323,3.8083506e-06,5.1467287e-05,4.899394e-07,1.1868335e-05
593,1.3542747e-06,1.1745782e-06,2.5529548e-06,0.9999949,7.754619e-08
594,8.472926e-05,7.417592e-09,2.1330327e-06,8.8104076e-05,0.99982506
595,0.9994948,0.0001647695,0.0003235356,1.1071899e-05,5.8710234e-06
596,0.99999213,3.9044216e-06,2.9873356e-06,1.0308235e-06,2.7913382e-08
597,1.2931734e-07,1.7189927e-09,0.9999988,3.1231755e-07,7.410347e-07
598,3.3853372e-05,3.235548e-06,6.5542906e-07,0.9999622,6.162294e-08
599,6.9741145e-07,1.0270185e-07,1.4412983e-07,0.9999987,3.4598364e-07
600,0.9999875,6.188162e-08,1.0077347e-05,2.177364e-06,1.0887443e-07
601,4.081893e-06,1.618074e-06,1.2868874e-05,0.9999783,3.0738638e-06
602,7.17615e-05,7.065274e-08,0.00013759371,7.142434e-05,0.9997191
603,1.8660513e-07,0.99999547,1.2713385e-06,3.1323239e-06,1.1837352e-09
604,2.3573402e-06,2.5776004e-08,0.9999559,4.1729938e-05,1.5578095e-08
605,0.99997616,9.9583e-06,1.0468527e-05,2.9440498e-06,4.3309927e-07
606,0.999998,3.4869166e-07,1.4066998e-06,1.7600632e-07,8.7342755e-08
607,0.99999976,1.2219966e-09,2.4689814e-07,2.2656e-09,2.2671562e-09
608,0.9999801,3.4231255e-07,1.8416482e-05,1.1020801e-06,1.1927384e-07
609,0.9999869,2.2648505e-06,1.0424146e-05,2.2880397e-07,2.1405629e-07
610,0.9999913,8.6677886e-07,9.152548e-07,6.830083e-06,4.9550877e-08
611,0.9998733,1.2945534e-05,0.00010221222,1.1493909e-05,1.0261373e-08
612,0.9999343,7.234341e-07,6.125004e-05,2.7323322e-06,9.304452e-07
613,1.358988e-05,5.103444e-07,0.99998105,4.8008237e-06,8.7502805e-09
614,2.751321e-05,3.7265394e-07,0.9999014,3.0007683e-05,4.0715127e-05
615,3.230117e-06,7.5562107e-06,3.1006314e-06,0.9999788,7.329649e-06
616,0.99991786,2.5745202e-08,1.8107457e-05,4.2705633e-08,6.3902284e-05
617,0.99999666,1.0546773e-07,2.3973528e-06,6.882556e-07,1.09987916e-07
618,0.00022920244,4.7045614e-06,1.5542014e-06,0.9997476,1.7018989e-05
619,0.9999939,1.1796472e-07,5.3048802e-06,4.718634e-07,1.2944663e-07
620,2.9390623e-05,0.9999051,6.227765e-05,3.1950458e-06,3.7158202e-08
621,4.6129135e-06,9.937658e-09,1.4256755e-05,1.2923936e-06,0.99997973
622,0.9988305,1.4203099e-05,0.0011469675,7.611556e-06,6.6506817e-07
623,5.2451553e-05,1.594333e-07,0.999912,4.2059977e-08,3.523043e-05
624,1.4712089e-06,0.9999962,2.2999807e-06,2.846035e-08,1.8810298e-10
625,0.9998246,7.3684896e-05,9.420569e-05,7.0773967e-06,4.4956752e-07
626,0.00015936582,6.631793e-08,3.0435606e-07,0.99983907,1.0923083e-06
627,4.8186116e-06,3.7826532e-05,6.352975e-05,0.99989235,1.5130785e-06
628,0.99957067,6.89205e-05,0.00014100816,0.0001176758,0.00010170598
629,4.0569063e-07,1.5134732e-09,3.752066e-06,1.6639542e-05,0.99997926
630,0.99999833,2.7665354e-07,1.3526659e-06,7.426668e-08,2.5468186e-08
631,6.2946833e-06,0.99999344,3.769029e-08,2.1953134e-07,6.252875e-11
632,0.9999975,1.90732e-07,1.8753312e-06,2.3056684e-07,6.255702e-08
633,1.2455042e-05,0.9999262,2.349228e-05,3.7784263e-05,2.975721e-09
634,9.3218046e-07,7.255557e-11,0.00010014485,1.5852319e-07,0.9998988
635,0.9999999,7.808759e-08,1.1022379e-09,6.550482e-09,1.0223481e-08
636,0.99995697,1.2553289e-06,1.1456249e-05,2.8123775e-05,2.2632778e-06
637,2.5968172e-06,1.0875196e-08,5.4332976e-11,0.9999974,3.075535e-08
638,1.2700741e-06,1.56459e-06,2.262575e-07,0.9999969,1.8296216e-08
639,2.6752852e-05,1.3604499e-08,0.9999696,2.106897e-06,1.5139099e-06
640,1.0,1.666292e-08,3.345651e-10,1.9685578e-08,4.3413304e-09
641,0.9999912,1.4026264e-07,4.777253e-07,8.174656e-06,5.896198e-08
642,0.9999999,9.950737e-09,9.8103435e-08,3.1146822e-08,9.814925e-09
643,0.99997425,9.697892e-06,1.4421857e-05,2.83363e-07,1.2555051e-06
644,2.309324e-06,0.9999962,1.0072587e-06,5.362285e-07,2.4635557e-11
645,5.76428e-05,2.497475e-05,0.9998965,2.0296427e-05,5.5475465e-07
646,0.99996054,3.7838292e-06,8.584384e-06,1.7271117e-05,9.808378e-06
647,8.779599e-08,1.3730779e-09,0.9999989,9.081885e-07,4.3166402e-08
648,0.9999993,6.803583e-07,3.838107e-08,2.5271364e-08,2.0769455e-09
649,0.9997942,3.902983e-06,9.975349e-05,9.7467615e-05,4.5956804e-06
650,1.2844505e-06,1.5049861e-07,3.791703e-08,0.99999845,5.975321e-08
651,0.99999595,4.171038e-08,4.1098687e-07,3.020587e-06,5.594087e-07
652,0.99999046,2.2843597e-08,7.282585e-06,2.018736e-06,2.937051e-07
653,6.1344316e-08,4.329946e-07,1.85376e-05,0.9999795,1.4509166e-06
654,1.9242304e-06,4.900759e-06,0.99998903,3.7046498e-06,4.1930588e-07
655,0.9999651,2.8158204e-06,3.1678195e-05,2.1620994e-07,1.9758288e-07
656,3.841173e-05,1.1517383e-06,0.99985695,0.00010340789,1.2206495e-07
657,1.0,4.3992351e-10,3.5191585e-09,1.8346237e-09,6.1945743e-10
658,0.99982363,1.8140216e-05,9.505871e-05,6.105501e-05,2.190843e-06
659,0.999803,0.00018105646,1.3060005e-05,1.1884699e-06,1.6313793e-06
660,1.01247715e-05,4.2263946e-07,0.9998503,0.00013872255,5.108395e-07
661,1.1131401e-05,0.9999888,3.8406373e-08,1.4187298e-08,4.7494897e-11
662,0.00063347793,4.1134076e-06,0.99929416,4.0234107e-05,2.8010703e-05
663,3.0291317e-06,1.2095969e-12,1.5466539e-10,7.837552e-11,0.999997
664,0.9995714,6.531448e-05,0.00015901349,0.00019762317,6.6862317e-06
665,0.99985826,5.227503e-06,0.00012772658,8.7417975e-06,4.7928193e-08
666,2.0816326e-07,2.6022553e-08,1.1791033e-12,0.99999976,2.1644746e-09
667,4.7511376e-06,3.7757356e-08,0.99998796,4.2357515e-06,3.0005715e-06
668,0.99999154,2.7334724e-07,8.046486e-06,1.1037509e-07,1.1312658e-07
669,5.840203e-05,1.27528365e-05,0.99991465,1.3204002e-05,9.0104845e-07
670,2.004829e-05,0.99997985,5.0755457e-08,1.4029189e-08,2.3624975e-11
671,1.2754072e-05,1.7769994e-06,0.00022864241,0.99975497,1.860907e-06
672,1.4661822e-06,6.6967045e-09,0.99999356,3.265711e-06,1.722324e-06
673,0.9998859,3.9017574e-05,2.5800358e-05,6.2180726e-07,4.8585203e-05
674,1.3302933e-05,1.1938868e-06,0.99994445,4.098835e-05,1.0077331e-08
675,1.0643937e-05,5.2814084e-07,0.99998605,2.7676401e-06,1.2936953e-08
676,5.5260893e-11,5.7007207e-12,1.0,4.661129e-10,1.8003333e-09
677,0.9999505,9.9043245e-06,3.411826e-05,4.5963993e-06,8.658942e-07
678,1.8349636e-05,1.01551905e-08,0.99997723,8.937428e-07,3.5196845e-06
679,3.4909838e-06,2.3038031e-07,7.159229e-06,0.9997756,0.00021356856
680,1.9721446e-08,0.9999969,7.516394e-08,3.0143108e-06,6.6075353e-12
681,0.99999535,2.8711858e-07,2.887414e-07,3.6441395e-06,4.594723e-07
682,0.99996865,3.422879e-06,2.5767746e-05,1.3111747e-06,7.7530296e-07
683,0.9998671,4.5627574e-05,4.231144e-05,3.429252e-06,4.1492705e-05
684,3.362244e-07,4.5152944e-07,1.7713151e-07,0.99999905,1.5800453e-08
685,0.9999341,2.356744e-05,1.8435e-05,1.2743365e-06,2.2652332e-05
686,1.8570905e-05,0.9999807,7.8420385e-07,2.5447877e-08,8.7137325e-10
687,0.9999883,1.0112711e-06,1.3293567e-06,2.4015694e-07,9.122845e-06
688,3.68465e-05,5.8478377e-06,1.5603979e-05,0.9999417,4.303955e-08
689,5.281096e-07,1.3765076e-06,3.1449e-07,0.9999974,3.295167e-07
690,0.9999999,1.4802606e-10,1.1798399e-07,1.6024716e-09,2.9141878e-08
691,0.99998903,5.978246e-06,1.1145982e-08,1.0227066e-06,3.9261668e-06
692,1.4266006e-07,0.9999999,9.462589e-09,4.4835684e-08,8.467887e-13
693,0.999866,8.547503e-07,0.00013047365,2.6119142e-06,2.2383857e-08
694,1.9046442e-07,5.769997e-07,0.99995244,4.6701825e-05,6.857457e-08
695,4.05905e-05,0.9999583,9.2355236e-07,1.2354671e-07,7.202857e-08
696,0.99884784,4.1653243e-06,0.0011301418,1.6653796e-05,1.1629602e-06
697,0.999995,4.1614626e-06,3.5057786e-07,2.668898e-07,2.2478876e-07
698,2.9485307e-06,6.9654003e-09,3.3420793e-06,1.6769593e-05,0.9999769
699,0.99999547,1.1035926e-08,1.1720371e-07,4.269913e-06,1.0471693e-07
700,0.99975663,8.387579e-07,0.00014365732,9.234621e-05,6.584099e-06
701,1.1028612e-06,2.1231372e-07,3.199588e-06,0.99999535,7.2923285e-08
702,0.99999547,1.4945126e-06,8.190441e-07,2.080289e-06,1.6061566e-07
703,6.458468e-06,1.814247e-09,2.450541e-07,2.2096997e-06,0.99999106
704,8.7733286e-05,1.59944e-05,3.695328e-05,0.999859,3.340065e-07
705,4.5103975e-06,1.2712967e-06,0.9999939,1.8047578e-07,1.9139914e-07
706,5.871774e-05,1.7988705e-05,0.99990416,1.8864464e-05,2.7200446e-07
707,3.4175137e-05,0.00010940237,0.9998499,6.178437e-06,2.1295523e-07
708,0.9999728,2.5536961e-05,2.1612256e-07,1.3864617e-06,2.5032893e-08
709,0.00013115544,6.1427163e-06,0.000113191665,4.8181755e-05,0.9997012
710,6.455786e-05,0.99990225,2.7073895e-05,6.1086516e-06,4.3401752e-10
711,0.9999924,1.235031e-07,6.2219056e-06,1.1910952e-06,9.773273e-08
712,6.4203215e-07,2.691011e-06,1.4196207e-06,0.9999937,1.5579114e-06
713,7.891919e-06,0.9999616,2.0526753e-05,1.0065753e-05,9.431896e-10
714,2.1309084e-05,0.9997751,9.610268e-05,0.000107526175,3.075661e-08
715,0.0002025896,0.9997973,5.8548267e-08,7.830661e-09,8.225522e-08
716,3.013301e-06,0.00013083873,1.1033917e-06,0.99986494,2.333382e-08
717,8.819357e-05,1.5893914e-06,0.99986184,4.2965516e-05,5.4294674e-06
718,0.9999993,6.830704e-08,3.3909362e-07,2.485928e-07,1.9644343e-08
719,0.0003063587,0.00016761685,6.2254285e-06,0.99946386,5.595683e-05
720,0.99988556,1.8776258e-05,9.2215814e-05,3.3892948e-06,1.3714363e-08
721,0.9998388,4.7000918e-05,0.00010691836,6.951073e-06,2.8868354e-07
722,0.00043270134,1.5933037e-07,0.9991341,0.00042930825,3.6726913e-06
723,0.99984574,8.443365e-08,0.00013575976,1.8398054e-05,2.5165086e-08
724,2.1174761e-05,0.9999652,5.5321966e-06,8.080672e-06,9.870448e-10
725,0.9997557,1.7652405e-07,0.00017382552,6.848499e-05,1.7419857e-06
726,5.45256e-05,6.148616e-09,0.9999436,3.5020233e-07,1.550991e-06
727,6.7713927e-07,0.9999993,5.229155e-09,5.385515e-08,3.4526725e-11
728,1.35464725e-05,9.730128e-06,2.8171602e-05,0.9999472,1.3639465e-06
729,0.00032171464,2.706135e-07,2.6232615e-07,0.9996774,4.025068e-07
730,2.6624506e-05,0.9999509,2.2003072e-05,4.4231007e-07,3.403405e-10
731,0.9995888,0.000110549976,0.0001168106,8.686315e-07,0.00018297459
732,0.9998456,6.0647625e-07,0.00015063361,2.5293355e-06,6.0123404e-07
733,0.9999871,1.2452679e-05,4.0767375e-07,7.1457524e-09,3.4126064e-08
734,1.0,6.999279e-10,1.4106903e-09,1.2400693e-09,3.5624734e-10
735,1.493438e-07,1.0637063e-06,2.3245725e-07,0.99999857,3.6103533e-09
736,2.6288024e-05,2.3437074e-06,3.430335e-07,0.99997056,4.1849114e-07
737,3.0300384e-06,4.3947662e-07,9.562719e-06,0.9999845,2.383084e-06
738,0.00020770014,9.846473e-07,0.9993944,0.00016280089,0.00023411804
739,0.0005635782,1.6168328e-06,0.9994142,1.0244682e-05,1.033858e-05
740,1.0206431e-05,1.8758943e-06,0.99998677,8.603939e-07,3.1496805e-07
741,2.6607511e-05,2.9507972e-09,9.4062403e-07,9.5029016e-08,0.99997234
742,7.112877e-05,0.9999286,8.779015e-08,1.1985986e-08,1.6149173e-07
743,0.00040984442,4.4098515e-06,0.99918896,0.00015133386,0.00024540286
744,0.9999995,7.690523e-08,3.0547247e-07,1.8725506e-08,9.239877e-09
745,1.0343027e-06,9.273909e-10,6.8198324e-06,7.682503e-07,0.9999914
746,0.9999994,2.3519465e-07,3.0238385e-07,2.5213785e-08,2.409544e-08
747,1.7074135e-05,0.99997187,1.0331296e-05,5.3671585e-07,7.978634e-08
748,0.9999893,3.6225822e-06,6.0301945e-06,1.0779605e-06,2.0438565e-08
749,0.0002835546,1.0185753e-06,0.000115341376,0.99959785,2.158962e-06
750,0.9998228,3.954475e-07,0.00010782417,6.805816e-05,9.632739e-07
751,0.9999999,1.4372719e-08,1.7828717e-07,7.979538e-09,5.5068816e-09
752,1.4823734e-05,0.9999713,6.763275e-06,7.1878817e-06,1.5999246e-09
753,0.99999714,6.0812305e-08,2.756184e-06,1.4273565e-08,2.8758645e-08
754,0.000619603,7.140838e-07,0.9993728,6.9509274e-06,2.2002776e-08
755,0.9999981,5.9231587e-07,1.2924615e-06,6.727088e-09,5.607618e-09
756,2.2581805e-06,1.7699971e-09,1.2479274e-05,4.7565773e-05,0.99993765
757,0.9999968,1.43244e-06,7.447072e-07,9.410499e-07,9.767707e-08
758,0.9999933,1.3702697e-07,5.6366493e-06,8.584923e-07,6.022431e-08
759,0.00014061171,2.8693337e-05,0.999803,4.1201715e-06,2.3588453e-05
760,0.999997,3.7894583e-07,2.0134908e-06,5.520796e-07,1.7388023e-08
761,2.6220465e-05,0.99993503,3.4060515e-05,4.6300106e-06,3.4964415e-10
762,0.99999,2.0204385e-07,8.087819e-06,1.5598579e-06,9.439139e-08
763,3.574259e-06,5.560135e-07,0.99999535,4.3377392e-07,1.0751515e-07
764,6.859992e-06,1.3174475e-08,4.8990678e-08,7.681676e-08,0.99999297
765,0.00019042545,0.999592,7.67022e-07,0.00021664012,1.4830468e-07
766,1.69365e-07,1.2883952e-06,7.9259155e-07,0.99999774,2.6864422e-08
767,3.701379e-06,1.34642205e-05,1.8186798e-05,0.9999641,5.127144e-07
768,0.9999385,1.0672184e-05,4.7939695e-05,2.9093246e-06,1.2374514e-08
769,3.868456e-07,6.331649e-07,0.9999957,3.2220369e-06,5.6320147e-08
770,5.0636295e-06,3.4229117e-06,1.8672946e-06,0.9999887,9.0961026e-07
771,0.99999666,1.1013377e-06,1.8495879e-06,1.5674144e-07,9.857073e-08
772,2.4885867e-06,0.99997294,1.4384112e-06,2.31538e-05,3.823274e-09
773,0.99927133,1.3576971e-05,0.00066899613,4.557083e-05,5.2940925e-07
774,0.9999981,1.1681408e-06,3.4145042e-09,1.9605923e-07,5.3761204e-07
775,9.756318e-07,0.9999988,1.264406e-08,2.6640103e-07,9.768625e-11
776,0.99999547,4.8210785e-07,2.1484952e-06,4.3248352e-07,1.4558715e-06
777,0.00013472591,4.1577009e-10,8.077403e-10,1.9632951e-07,0.99986506
778,2.1222273e-07,0.99999774,1.6840113e-06,4.056397e-07,2.4606293e-11
779,7.393558e-10,1.0,6.6741235e-10,3.666412e-11,4.4012467e-15
780,1.3934026e-08,1.0,1.7082072e-11,1.5150808e-10,1.790306e-14
781,9.4472205e-05,5.0378827e-07,1.4458865e-05,0.9998859,4.6290857e-06
782,0.9999993,3.0574736e-08,3.7319836e-07,2.2768079e-07,9.184461e-08
783,0.9999136,2.1812516e-06,7.3668765e-05,9.053919e-06,1.5081046e-06
784,8.8505755e-07,2.167408e-08,0.9999975,1.794097e-07,1.3512155e-06
785,1.9062919e-06,5.5364174e-10,6.222103e-06,9.4746895e-08,0.9999918
786,2.590913e-07,5.421086e-11,3.605407e-05,1.4421963e-07,0.99996364
787,1.3203455e-06,0.9999987,2.2496788e-08,3.5576512e-08,1.1954622e-10
788,6.9037617e-07,5.0673743e-06,5.369239e-06,0.9999888,4.5275694e-08
789,3.940482e-08,0.99999976,6.776245e-08,6.603095e-08,6.7019974e-13
790,2.8078806e-05,0.9999714,2.5583748e-07,2.3436144e-07,8.428859e-09
791,0.9999962,5.5287025e-08,3.7280324e-06,1.8136172e-08,3.5177507e-08
792,3.011783e-07,2.6306605e-08,4.9831552e-08,0.99999964,3.546868e-08
793,0.99998975,3.5981177e-06,6.196976e-06,4.526928e-07,1.3019555e-08
794,1.0383834e-06,9.1693306e-07,6.756023e-08,0.999998,6.1333014e-09
795,2.1470094e-06,0.99999785,3.0738065e-08,2.7717352e-08,4.022497e-11
796,3.2446843e-07,0.99999964,1.856225e-08,3.5938488e-08,1.0930234e-10
797,0.9995797,2.6257783e-07,0.0004051082,1.2889582e-05,2.0407585e-06
798,1.4214506e-05,0.9999472,3.611756e-05,2.347451e-06,4.6282253e-08
799,1.7692955e-05,1.4829083e-08,1.2921292e-07,5.9645487e-07,0.99998164
800,0.9999573,3.960376e-06,1.8031418e-05,2.0629303e-05,1.01766325e-07
801,2.5029192e-05,8.9691974e-07,0.99989104,3.27014e-05,5.0326704e-05
802,0.99999607,1.3266661e-07,2.5768782e-06,1.0961073e-06,1.4061222e-07
803,0.99994576,6.2301555e-09,4.2923988e-05,1.1213239e-05,1.5033488e-07
804,0.9999783,1.7761643e-08,2.0926027e-05,6.1136006e-07,1.02466316e-07
805,0.99998415,3.213925e-08,8.955352e-06,6.858532e-06,4.2565578e-08
806,0.99998605,4.3228732e-07,1.1792657e-05,1.3493379e-06,3.3902546e-07
807,0.99999225,5.698166e-06,6.344309e-07,4.3970013e-07,1.119259e-06
808,0.9998617,3.284853e-05,9.963682e-05,3.1335003e-06,2.589793e-06
809,0.99994266,6.312663e-08,1.5177592e-06,9.713802e-08,5.561921e-05
810,0.00018719684,7.324849e-05,1.2495633e-05,0.9997247,2.2690533e-06
811,5.6974777e-08,1.8032789e-07,2.483416e-07,0.99999917,2.7767697e-07
812,2.2408844e-05,1.4176837e-06,0.999974,1.2290958e-07,2.0630423e-06
813,1.5739694e-07,0.9999995,3.1517914e-07,1.2277183e-08,6.2209786e-13
814,0.9999535,4.3992768e-05,1.4740798e-06,1.6126458e-07,9.336924e-07
815,0.9999999,3.0798382e-09,1.11224935e-07,1.0395965e-09,2.5218834e-09
816,0.99947375,7.795646e-07,0.0005043552,1.796461e-05,3.225574e-06
817,8.11509e-05,2.2014686e-07,5.105558e-08,0.9999169,1.6924982e-06
818,4.9117125e-07,1.4370811e-09,3.2925527e-07,1.8800888e-06,0.99999726
819,0.9998286,0.00017136961,1.1799995e-08,1.3785701e-08,8.3959173e-10
820,4.5509238e-05,5.729855e-07,0.99993765,1.681285e-06,1.45410495e-05
821,0.00018584922,4.8069298e-05,5.3186963e-05,0.99970764,5.2360197e-06
822,8.104406e-06,1.006791e-06,0.99998844,2.1512726e-06,3.2930325e-07
823,1.0677755e-05,3.5835922e-06,2.396255e-05,0.9999615,2.3420272e-07
824,0.99987817,7.608307e-06,4.439283e-06,0.000104494124,5.3072818e-06
825,0.99998796,2.7841379e-08,6.480066e-06,7.050735e-08,5.448744e-06
826,0.9999143,1.4309203e-05,7.790218e-06,6.360638e-05,3.2310883e-08
827,0.99999976,9.501924e-09,2.9571578e-07,2.2032998e-09,2.8113525e-09
828,3.6998276e-07,0.99996495,3.462641e-05,1.9232262e-08,8.628611e-12
829,0.99999917,2.8167747e-07,2.3350299e-07,8.041722e-08,2.6789257e-07
830,3.3569552e-06,3.27637e-07,4.7596765e-07,0.9999931,2.7120923e-06
831,0.9998876,8.170772e-07,0.00011110375,4.1340698e-07,6.856934e-08
832,0.99999475,1.7701061e-06,2.8822305e-06,5.0671605e-07,1.1930494e-07
833,0.99953187,2.4542594e-06,0.00040905183,5.54352e-05,1.2137051e-06
834,7.135711e-05,0.00070865004,9.623849e-05,0.99906665,5.708808e-05
835,5.239639e-07,2.8591182e-10,1.1577377e-07,9.913601e-07,0.99999845
836,0.99973387,3.4370748e-06,0.00026087835,1.2400828e-06,6.128461e-07
837,0.999997,4.6504567e-07,1.2731606e-06,1.2021048e-06,5.046844e-09
838,0.9999995,4.2108447e-08,7.0130164e-09,6.0751892e-09,4.7577058e-07
839,1.1699125e-06,3.056194e-06,3.622354e-07,0.99999535,9.616933e-09
840,9.191001e-06,0.99999,6.634746e-07,1.1016018e-07,3.3696587e-10
841,2.1273192e-05,1.4946649e-05,0.99994516,1.8574194e-05,6.3462394e-08
842,0.9999676,3.85383e-06,2.7657408e-05,8.267748e-07,1.5542314e-07
843,2.5058353e-06,6.0220545e-06,3.3010851e-06,0.99998796,1.3934105e-07
844,8.914094e-07,2.2999136e-09,3.7357353e-07,2.3759669e-05,0.9999751
845,0.9999927,6.462287e-06,3.1488645e-07,4.0272903e-07,1.5177266e-08
846,8.3413445e-09,0.9999999,5.5321188e-08,3.8842426e-11,9.477182e-13
847,5.531367e-05,4.8583364e-09,9.644581e-06,1.0586994e-05,0.9999244
848,8.682942e-08,8.0930214e-08,8.706869e-07,0.9999989,9.028774e-09
849,1.9870572e-07,0.9999994,2.2790437e-07,1.0583215e-07,1.0931455e-11
850,5.1059817e-07,8.543622e-09,0.99999845,1.0061771e-06,1.904095e-08
851,0.99992394,5.004265e-08,8.61102e-06,6.723486e-05,1.8691968e-07
852,1.8284725e-08,0.9999999,9.635948e-08,2.0356021e-09,6.826067e-13
853,1.4847646e-05,9.615183e-08,0.9999846,3.888297e-07,3.5323872e-08
854,0.99997663,6.588302e-07,1.5942978e-05,1.8743642e-06,4.857939e-06
855,8.5918606e-07,0.99999917,1.4381539e-08,1.5539113e-09,4.177088e-11
856,1.1946759e-05,5.492781e-08,0.9999304,5.289896e-05,4.758645e-06
857,0.9999901,1.6251497e-06,8.159948e-06,4.918744e-08,1.3797248e-07
858,6.910941e-07,1.02368446e-07,2.6627756e-08,0.99999917,1.1153645e-08
859,0.99998057,8.887901e-06,2.9206003e-06,7.435402e-06,1.6371204e-07
860,0.9999758,2.3240807e-07,1.4872903e-06,1.7535697e-06,2.0733369e-05
861,8.2031975e-06,3.4375998e-09,6.1323414e-07,1.0137705e-07,0.99999106
862,2.9153014e-06,2.1672697e-06,3.6548863e-05,0.9999517,6.6784883e-06
863,3.5673733e-05,6.30973e-06,1.3529876e-06,0.9999558,8.3971423e-07
864,2.2446799e-05,0.999964,1.0779699e-05,2.7751169e-06,1.3550756e-09
865,0.00014161956,3.8737718e-07,2.2564309e-05,0.99983156,3.904756e-06
866,1.6751367e-06,7.843551e-09,0.9999981,2.0744103e-08,1.9286782e-07
867,0.9999062,1.5163229e-07,8.0488964e-05,1.2433812e-05,6.7010006e-07
868,8.957408e-07,1.2519744e-05,2.137787e-07,0.9999863,2.8787088e-08
869,9.065516e-07,1.3734444e-06,4.6630532e-05,0.99987423,7.673945e-05
870,0.9999918,1.4624014e-07,7.508024e-06,4.958893e-07,1.4480335e-07
871,9.891662e-07,1.2662854e-08,0.9999925,5.9425583e-06,6.173413e-07
872,0.9999411,4.129732e-05,1.2328544e-05,4.159866e-06,1.1798544e-06
873,0.9999988,2.0071032e-07,8.095371e-07,1.8043448e-07,4.4350323e-08
874,7.2399824e-05,8.511232e-07,0.9997353,3.881073e-06,0.0001874922
875,0.000647527,2.4109133e-07,6.7273163e-07,0.99935025,1.2711171e-06
876,4.478512e-05,3.415382e-10,6.8027066e-07,2.6251791e-07,0.9999542
877,2.324442e-07,2.1053356e-06,4.1595777e-06,0.99999297,5.145053e-07
878,2.2889833e-05,5.213223e-07,0.9999739,4.4484446e-07,2.2050706e-06
879,0.99994683,1.08629386e-07,5.1686384e-05,1.2077762e-06,1.7134387e-07
880,0.9999937,1.309924e-08,6.275331e-06,2.1957318e-08,1.2185127e-08
881,1.1815695e-05,3.7865036e-07,1.9815732e-06,0.9999857,1.9919571e-07
882,9.925144e-05,4.2976955e-09,0.9997992,9.370984e-09,0.000101629346
883,0.999997,4.215608e-08,2.6507703e-06,2.555775e-07,6.894104e-08
884,0.9999999,1.0075064e-08,1.5600347e-07,2.9714553e-08,1.10711404e-08
885,7.96641e-06,1.0889402e-07,2.3152309e-06,0.9999882,1.3425124e-06
886,0.99944514,4.1300973e-07,0.0005240024,2.9761854e-05,7.0684894e-07
887,0.9999918,2.422283e-06,5.2736855e-06,2.0191784e-07,3.1607217e-07
888,0.99999905,5.277021e-07,3.6720044e-07,1.3609727e-08,1.8572438e-08
889,0.9999988,3.6162995e-10,1.0191928e-06,3.206574e-09,1.6686347e-07
890,2.553706e-06,5.2923026e-09,3.0216052e-06,1.914405e-05,0.9999753
891,0.9999913,7.364157e-06,1.0347368e-06,2.9775302e-07,2.3118842e-08
892,0.9999846,2.8102768e-06,1.1876428e-05,1.2763e-07,5.252454e-07
893,1.8302595e-05,8.321771e-06,0.9999548,1.851262e-05,1.304229e-08
894,6.5047664e-07,0.9999982,1.0894066e-06,1.3503984e-08,2.4902719e-11
895,0.99998283,3.6379513e-06,3.8225526e-06,9.010365e-06,6.828706e-07
896,0.99988055,1.6747217e-05,7.955235e-06,9.475024e-05,2.4509678e-08
897,7.909184e-08,8.813358e-08,1.7596217e-06,0.9999974,6.641974e-07
898,0.00015420809,1.6893076e-05,0.9996803,0.00014335374,5.2328264e-06
899,0.99999666,3.5197309e-07,2.7080011e-07,2.6734867e-06,8.427695e-08
900,0.99993384,6.5084706e-08,2.8054788e-07,6.462772e-05,1.1767892e-06
901,0.999905,3.62293e-08,9.419916e-05,7.037994e-07,1.3194345e-07
902,1.5072429e-05,7.3577002e-09,0.99997675,2.9199152e-06,5.1637053e-06
903,0.9999993,2.5727135e-07,3.519978e-07,2.3160724e-09,8.477551e-08
904,1.1688413e-06,0.99996805,3.010838e-05,7.272188e-07,4.1104475e-09
905,0.99997985,1.2519521e-07,1.9113926e-05,8.2178065e-07,1.1731091e-07
906,0.99967206,3.996196e-05,0.0001187638,0.00013433864,3.4780434e-05
907,0.99938476,0.0004788974,0.00010031354,2.850447e-05,7.508513e-06
908,4.3461068e-07,1.662515e-09,0.99999905,4.5030043e-07,2.3967731e-08
909,0.9999379,2.3970588e-06,5.064317e-05,8.9179075e-06,1.5699656e-07
910,0.9996693,1.3895076e-05,0.0001416868,0.00017468442,4.1997887e-07
911,0.9999994,1.6817023e-07,2.2890721e-07,2.8466616e-09,1.8262367e-07
912,0.9999615,2.3000997e-07,2.41116e-05,1.3787988e-05,3.082638e-07
913,6.248593e-05,9.886106e-06,2.16552e-06,0.9999242,1.3151765e-06
914,0.9999058,1.4791634e-06,3.081676e-05,1.4411678e-06,6.038205e-05
915,0.9996426,4.2651693e-05,0.00030444734,5.9978493e-06,4.3338714e-06
916,0.99999297,1.7178635e-07,6.7900164e-06,2.437401e-08,4.114025e-09
917,0.99988234,7.605711e-10,0.00011407247,6.916153e-07,2.8944362e-06
918,3.6684328e-06,7.7417205e-08,4.464568e-05,0.9999515,1.0770069e-07
919,1.0,3.335045e-09,2.3252776e-08,1.0511617e-08,2.6103338e-08
920,0.9998498,9.495718e-07,4.1048934e-05,0.000105989784,2.245056e-06
921,3.7941368e-06,6.245748e-07,1.0874454e-07,0.99999535,1.0959471e-07
922,7.166904e-06,0.00013623326,0.00019450634,0.9995253,0.00013681994
923,0.99989414,2.194792e-07,0.00010108501,4.5872553e-06,4.5984418e-08
924,0.00031704069,5.6857516e-08,0.9996557,2.156594e-05,5.6364393e-06
925,0.99999714,1.0687506e-09,1.4554339e-06,1.4528614e-06,1.7102783e-08
926,4.6261805e-05,2.2208524e-06,2.3301087e-05,0.99985945,6.869364e-05
927,0.9999763,3.1363484e-07,2.3069724e-05,1.6743357e-07,7.090341e-08
928,0.99985516,3.902393e-05,8.914581e-07,0.000104897095,9.529231e-08
929,1.7640805e-07,4.9613792e-08,0.9999995,4.621461e-09,3.4073432e-07
930,0.999985,5.310482e-06,8.732938e-06,1.0258243e-06,1.5771867e-08
931,0.9999691,8.558026e-07,7.2720576e-07,2.9241806e-05,1.4707445e-07
932,2.4151685e-05,2.5347876e-07,1.826899e-05,0.9999566,7.090476e-07
933,1.4905583e-05,0.99998343,1.544493e-06,1.6876889e-07,1.8597902e-10
934,0.9999962,1.9572099e-08,1.5090391e-06,1.717814e-06,5.2535466e-07
935,5.5014516e-07,0.9999994,2.2536144e-08,6.915083e-09,1.1081808e-11
936,6.214791e-09,1.0,2.3970428e-10,3.0637834e-10,1.9749112e-14
937,0.00012694881,1.9445342e-06,0.999851,2.00181e-05,1.3064468e-07
938,4.42692e-06,2.405313e-07,0.9998016,0.00019373895,1.8303743e-08
939,0.00012265764,8.7963616e-07,1.645639e-05,0.99983656,2.3496765e-05
940,0.9999863,1.2929573e-09,1.3680572e-05,3.2830457e-08,4.727045e-08
941,6.2991614e-07,8.619454e-07,1.638246e-07,0.99999833,1.289833e-08
942,3.4050387e-07,4.5444526e-06,7.502929e-07,0.9999944,1.486935e-08
943,4.614444e-05,0.9999505,2.7150977e-06,5.605197e-07,4.126532e-10
944,0.9999126,1.3418497e-05,3.4851666e-05,3.5387606e-05,3.7693535e-06
945,1.2133539e-05,2.3140883e-06,0.9999075,7.762758e-05,4.3300673e-07
946,0.00012517866,0.00031465528,1.8958992e-05,0.9995402,9.782693e-07
947,2.6940896e-05,0.9999721,5.538276e-07,3.7613526e-07,2.0423823e-09
948,1.0,7.4349894e-11,8.659278e-13,4.423035e-11,5.481028e-10
949,1.0032065e-05,4.1664353e-07,0.9999881,1.4267953e-06,1.1137519e-07
950,0.99949825,1.1320668e-06,0.00045749976,4.0977135e-05,2.1356916e-06
951,2.1395333e-06,7.0537357e-07,1.836534e-05,0.9999753,3.4760856e-06
952,0.99999774,3.943352e-09,1.5266535e-06,7.331022e-07,1.30300934e-08
953,0.99996436,1.9529294e-05,1.4094152e-05,2.0557225e-06,6.954216e-09
954,0.99999785,1.4837219e-06,6.3091863e-07,8.371776e-08,3.74744e-08
955,2.252001e-11,8.5259194e-10,2.3584503e-09,1.0,1.36689495e-08
956,8.7546745e-08,0.9999999,1.5045354e-10,1.7978522e-09,1.8068443e-10
957,0.9999999,9.558931e-09,4.7841877e-09,3.4379972e-09,6.060774e-08
958,7.748665e-08,0.9999993,4.427909e-08,5.876326e-07,2.0516583e-11
959,3.951724e-07,0.99999857,7.9127506e-07,2.4140996e-07,1.9878172e-11
960,0.00018613064,0.99970526,9.9940014e-05,8.6453965e-06,1.6677362e-09
961,0.9999995,4.0490454e-07,2.8774407e-08,7.701444e-08,6.871289e-09
962,0.9999745,1.5785193e-07,1.5779067e-05,3.8489497e-06,5.7232805e-06
963,2.0881287e-05,1.4006509e-09,3.9580212e-07,6.7057846e-07,0.99997807
964,0.99990714,6.871428e-05,2.3083954e-05,5.3449446e-07,4.611802e-07
965,2.3357119e-05,1.5032285e-07,0.99979895,6.733778e-07,0.00017689445
966,6.961547e-06,0.99999034,2.706914e-06,4.2111036e-08,3.0458427e-10
967,1.2921965e-08,0.9999999,3.637441e-08,9.5185456e-08,8.348184e-14
968,0.0008033583,4.7418366e-06,0.9985102,0.00057965465,0.0001020468
969,0.9999795,1.7700927e-08,1.0754053e-05,9.663074e-06,1.5227003e-07
970,0.99989605,2.8660245e-06,2.2461686e-06,9.8277684e-05,4.5552937e-07
971,0.9999912,4.2463395e-07,6.327501e-06,1.3808393e-06,6.8633597e-07
972,0.9999995,5.3643056e-08,1.4956159e-07,2.771617e-07,5.938447e-08
973,3.7908695e-08,6.4931546e-11,1.1021165e-08,6.98844e-08,0.9999999
974,0.9998894,3.0688676e-05,7.886546e-05,6.08385e-07,3.6099627e-07
975,0.9996636,9.337498e-06,0.00032241602,4.5364554e-06,1.6661929e-07
976,2.2439983e-05,7.536259e-07,5.6121203e-06,0.99996364,7.5546986e-06
977,1.8350472e-07,0.99999905,7.566557e-07,3.1533546e-08,1.2509113e-11
978,2.0778966e-06,6.544322e-08,9.051086e-05,0.99990726,8.4025295e-08
979,0.9999782,1.42809204e-08,9.276945e-06,1.2052367e-06,1.1337218e-05
980,0.9999484,4.3067164e-05,7.448385e-06,1.0134416e-06,8.6677595e-08
981,0.9998604,1.4331348e-05,0.00012501939,9.563913e-08,8.456834e-08
982,4.392897e-05,1.002798e-05,7.9338935e-07,0.9999442,1.0533921e-06
983,0.99995685,1.1821587e-07,4.2083593e-05,7.101887e-07,2.5065256e-07
984,0.9997378,5.9032245e-05,0.00013395587,6.352453e-05,5.6744366e-06
985,0.9999896,6.6652734e-07,7.867439e-06,1.697204e-06,1.5696816e-07
986,0.9999814,1.8011397e-07,1.4762699e-05,3.228256e-06,4.0357645e-07
987,2.424759e-07,0.99999726,1.0158533e-06,1.4610735e-06,1.3843951e-11
988,1.4456842e-05,2.6152256e-05,5.1951578e-05,0.99990046,7.073049e-06
989,0.99999475,6.8193117e-07,4.214774e-06,2.7538482e-07,6.9542054e-08
990,3.465348e-06,4.668713e-09,4.7149607e-07,3.5624978e-06,0.9999925
991,5.8694008e-05,2.4400158e-06,1.1501075e-05,0.99992347,3.894144e-06
992,2.1543717e-06,2.2752518e-07,1.928345e-06,0.9999889,6.7095007e-06
993,0.999987,3.7595346e-06,9.940043e-07,1.38038e-07,8.156841e-06
994,0.99999976,6.847365e-08,1.151184e-07,2.989966e-08,1.1800641e-08
995,5.0661442e-06,5.2221947e-09,0.9999949,4.1334935e-08,5.6879164e-09
996,1.5164111e-06,1.1215611e-07,0.9999981,2.311707e-07,2.4271287e-08
997,0.9999871,6.198987e-06,6.4590895e-06,1.0575276e-07,8.678667e-08
998,1.9561412e-07,9.48456e-07,0.99998915,9.613228e-06,1.1467242e-09
999,3.8214748e-07,4.2706934e-06,7.8443845e-06,0.9999875,5.5875432e-08
1000,4.4821495e-06,0.00012578805,7.341152e-06,0.9998503,1.21595795e-05
1001,0.9999938,3.9167798e-08,5.021228e-06,1.0034145e-06,6.00815e-08
1002,2.8272146e-07,1.1615492e-06,6.0460134e-05,0.9999355,2.509638e-06
1003,1.3982234e-06,0.9999784,2.0204903e-05,2.499372e-08,1.9831003e-11
1004,8.847804e-09,9.308869e-13,2.0199924e-09,1.4203099e-09,1.0
1005,0.00024644428,4.8264422e-08,4.1498963e-05,0.9997099,2.1784563e-06
1006,0.99989796,7.8129864e-07,9.3184106e-05,7.957611e-06,1.387144e-07
1007,1.7661473e-06,3.6245729e-06,0.99999404,5.2087654e-07,9.210033e-10
1008,0.0001422704,4.3208556e-06,0.99983823,1.0766149e-05,4.389833e-06
1009,6.7661126e-06,3.7241026e-07,5.3206302e-05,1.4443392e-05,0.99992526
1010,1.5899566e-06,5.995303e-06,2.402576e-05,0.999959,9.475481e-06
1011,0.99998355,1.4134016e-06,1.0670335e-05,1.8137388e-07,4.1673525e-06
1012,0.99999976,8.42521e-09,9.100498e-09,7.8738765e-08,9.142536e-08
1013,0.9999597,2.643428e-05,1.2920222e-05,4.7502581e-07,4.4930042e-07
1014,0.99999774,1.7819617e-07,1.8462345e-06,5.855811e-08,2.0049966e-07
1015,2.6996894e-08,0.9999844,1.5448706e-05,8.2036976e-08,4.2875785e-12
1016,0.9999827,4.6112274e-07,1.3345758e-05,2.638178e-06,8.031201e-07
1017,6.5625565e-05,6.297305e-06,1.2368358e-06,0.9999263,4.459506e-07
1018,4.269999e-05,7.318845e-06,6.348788e-05,0.99988544,1.1171122e-06
1019,0.00012561487,1.596745e-06,2.2791644e-06,0.9998678,2.7331407e-06
1020,5.2418486e-06,0.9999914,3.3317594e-06,5.9362584e-08,2.4267595e-09
1021,1.4008501e-05,4.5962934e-06,0.9999809,4.2559122e-07,1.1431345e-07
1022,0.9999876,5.6258173e-08,3.0241763e-06,3.4139237e-06,5.951649e-06
1023,0.9999664,2.429582e-05,8.960156e-06,3.2070483e-07,3.4431584e-09
1024,0.99999774,8.169942e-07,1.1357336e-06,2.2892323e-07,5.8756363e-08
1025,0.99997556,1.1699964e-06,2.2083415e-05,5.709595e-07,6.1100513e-07
1026,0.99998,8.863944e-07,1.6855456e-05,2.0214293e-06,3.9614912e-07
1027,0.99999774,2.010533e-06,4.7542956e-09,7.478647e-08,1.951708e-07
1028,0.9999926,2.3667483e-06,4.6023474e-06,3.6822377e-07,2.0701727e-09
1029,5.0539546e-07,7.695942e-08,0.99997914,3.8773464e-06,1.6454815e-05
1030,0.9999995,5.52093e-09,5.3580294e-07,1.1989651e-08,1.0968231e-08
1031,0.9999951,5.928586e-08,3.6177046e-06,1.2398427e-06,5.8942536e-08
1032,2.9898882e-07,2.2050239e-05,5.3096037e-06,0.9999722,9.9116924e-08
1033,0.99999344,4.186746e-06,2.157912e-06,2.3554106e-08,2.4083226e-07
1034,0.9999281,3.1585318e-05,3.896225e-05,6.620279e-07,6.198571e-07
1035,3.6925087e-06,6.533509e-07,0.9998983,9.606934e-05,1.2816424e-06
1036,2.6789789e-05,1.7130498e-10,1.5269418e-08,2.6975837e-09,0.9999732
1037,2.9598155e-08,6.42259e-06,7.869028e-07,0.9999927,1.02273665e-08
1038,0.9999932,1.3854257e-10,5.951574e-06,8.8139143e-07,2.0070758e-08
1039,6.840148e-06,1.069418e-06,1.172526e-06,0.9999857,5.273432e-06
1040,3.7323487e-05,6.1824075e-09,0.9999597,6.8671767e-07,2.2435302e-06
1041,0.9999064,5.0568366e-07,8.613995e-05,6.7418764e-06,1.3641322e-07
1042,2.0742418e-06,1.9599684e-06,7.1866543e-06,0.9999883,4.8480337e-07
1043,2.5716301e-06,3.345835e-07,2.1781922e-07,0.99999535,1.4666715e-06
1044,0.99995923,8.637619e-06,1.9925354e-05,1.0786815e-05,1.3891492e-06
1045,6.2365424e-10,1.0,8.05712e-10,1.476483e-09,8.497362e-14
1046,0.00013930404,4.151193e-05,7.325758e-05,0.9997075,3.8429844e-05
1047,5.6592e-06,9.249785e-06,2.6475298e-05,0.999951,7.513233e-06
1048,0.00032986986,1.31559555e-05,0.99916303,5.193128e-05,0.00044202528
1049,0.9993315,6.1234737e-06,0.00045330048,0.00020605157,3.0593858e-06
1050,0.00017076563,5.1719456e-07,0.99982363,4.7675894e-06,3.5554223e-07
1051,0.99992335,5.0746087e-07,2.3800128e-06,1.1855531e-06,7.260568e-05
1052,0.9999995,4.159936e-07,1.31192435e-08,1.6860712e-08,1.620774e-08
1053,3.980348e-05,2.0396926e-06,0.9997533,3.096748e-05,0.00017392992
1054,3.9569422e-06,0.9999958,2.411853e-08,2.0915381e-07,1.3118033e-10
1055,1.4546356e-06,1.2090496e-07,5.981059e-06,0.99999213,2.8985068e-07
1056,4.062601e-05,0.0001242773,0.9996921,0.00013009427,1.3019275e-05
1057,0.0004889093,1.1373668e-05,0.9993765,0.00012317921,1.6243622e-07
1058,6.8193303e-06,0.9999845,3.9397273e-06,4.7350186e-06,7.814873e-10
1059,2.8530892e-05,0.99996006,9.820981e-06,1.5284475e-06,7.0075484e-10
1060,1.1013894e-05,7.103059e-08,0.99984,7.517922e-05,7.376506e-05
1061,0.99998736,5.090355e-06,5.5417872e-06,1.8168922e-06,1.9802985e-07
1062,8.8779225e-06,7.701396e-06,3.4959614e-06,0.99977285,0.00020706351
1063,0.99993837,2.0215524e-05,4.0651485e-05,3.0507823e-07,4.436137e-07
1064,1.7531906e-05,0.0001609603,9.096187e-06,0.9998124,3.8031356e-08
1065,5.225571e-07,2.0735617e-07,0.99999845,5.8539865e-07,1.3387805e-07
1066,0.9999765,2.1154334e-05,2.2554443e-06,2.7783503e-08,1.6618751e-09
1067,0.9999974,6.6804646e-09,2.5176203e-06,1.4148054e-07,1.1079626e-08
1068,4.589777e-05,1.13807076e-07,0.9999492,3.5603537e-06,1.232625e-06
1069,0.99998415,2.2917536e-06,8.879105e-06,3.5350383e-06,1.1512873e-06
1070,2.0474006e-07,1.2669886e-09,0.999997,1.6536387e-06,1.1276093e-06
1071,0.9999629,2.2601065e-05,1.4030672e-05,1.9456505e-07,2.4977288e-07
1072,3.066641e-05,0.000112117115,0.99957365,0.00028081948,2.7566043e-06
1073,9.994794e-08,0.99999404,5.1856614e-06,7.1698236e-07,8.2471235e-12
1074,3.4121406e-06,9.1779775e-09,0.99999547,1.0653446e-06,1.0442434e-07
1075,1.0,1.2641994e-09,3.437947e-08,6.724657e-11,3.489746e-10
1076,0.9999697,3.7684094e-07,6.3871257e-06,2.290971e-06,2.1173788e-05
1077,3.7838745e-05,1.7895483e-05,0.9999099,3.4350207e-05,5.0140738e-08
1078,3.945561e-06,9.3392405e-09,0.9999937,1.1012095e-06,1.3429858e-06
1079,2.7032678e-05,3.1047714e-06,2.0626935e-07,0.9999695,1.395744e-07
