0,0.9986608,2.7111162e-05,0.00031137856,0.00059650105,0.00040416417
1,0.8707294,0.018114325,0.044193454,0.062389616,0.004573142
2,0.97995067,0.0037555674,0.0151077965,0.0010691863,0.000116856
3,6.224178e-05,1.7194375e-06,5.0019356e-05,1.6153077e-05,0.9998698
4,0.008065809,0.00095453695,0.17388001,0.81188667,0.0052129272
5,0.99920195,0.00064163154,0.00014826372,7.669885e-06,4.4893596e-07
6,0.096181266,0.13165437,0.14751054,0.29332265,0.33133113
7,0.99770314,0.00030119662,0.0016540644,0.0003330679,8.574411e-06
8,0.007223346,0.0014348383,0.0038520542,0.9869652,0.0005245911
9,0.04480473,0.0029489305,0.84026927,0.11131143,0.0006657306
10,0.0004109426,0.00026006316,0.0012738656,0.009766549,0.9882885
11,0.002573458,0.9943348,0.00095175934,0.0020291093,0.00011090278
12,0.6782533,0.01284652,0.0612717,0.2375298,0.010098708
13,0.21607135,0.17214546,0.4167246,0.13821505,0.056843508
14,0.612647,0.06123333,0.26555893,0.033734135,0.026826661
15,1.5759013e-05,2.2571946e-06,1.1826785e-05,9.556839e-06,0.99996066
16,0.9909992,0.0031055098,0.0015033062,0.002636444,0.001755625
17,1.3174556e-06,0.9999924,5.661809e-06,6.4350496e-07,6.392345e-10
18,0.99931216,6.664997e-05,0.00038483797,0.00023439096,1.9738336e-06
19,0.9939725,0.0033548733,0.00046325754,0.0021937243,1.563603e-05
20,0.014447933,0.0042410404,0.4014877,0.2735346,0.30628872
21,0.00050754525,0.000160034,0.9990834,0.00023696283,1.2071921e-05
22,0.0010761148,0.0003489872,0.00010285579,0.9984711,9.478772e-07
23,0.9999875,1.1058981e-05,7.965838e-07,6.103975e-07,7.237727e-09
24,0.0013503688,0.9980108,0.00033500226,0.00030316645,7.190855e-07
25,0.016733605,0.0010294016,0.9817914,0.00035630955,8.934249e-05
26,0.0038282792,0.039655026,0.47907373,0.47704536,0.0003975704
27,1.5136748e-05,5.962723e-07,0.9999683,1.5263806e-05,6.732709e-07
28,0.9999465,2.7048638e-05,7.163226e-06,1.8570305e-05,7.6227894e-07
29,0.015334609,0.0104423165,0.022756243,0.9258035,0.025663383
30,1.6068381e-05,0.9999733,1.0024983e-05,6.37244e-07,2.6515163e-08
31,0.9998511,2.1645454e-05,3.728852e-05,8.9907204e-05,2.8451499e-08
32,0.2742067,0.013099417,0.51800615,0.18506311,0.009624646
33,0.54973394,0.049350213,0.23680705,0.14392374,0.020185089
34,0.00024174068,0.99889,0.00057900226,0.0002886998,6.705014e-07
35,0.97093743,0.0044599166,0.023823747,0.00045768387,0.00032118196
36,0.00010871527,1.3999599e-05,0.99908805,0.00075579167,3.3475244e-05
37,0.00026351548,0.000164486,0.00055918965,0.99896526,4.7553876e-05
38,0.09932879,0.017300956,0.10074589,0.12523809,0.6573863
39,0.99954885,0.00014309233,1.6538019e-05,0.0002712333,2.0256368e-05
40,0.00013698317,0.9998134,5.5039204e-06,4.4065117e-05,3.7099134e-08
41,0.9867511,0.0039908,0.007853358,0.001386628,1.8091436e-05
42,6.240908e-06,1.03643956e-07,0.9999443,4.7297803e-05,2.0328926e-06
43,0.98698425,0.0034460437,0.0077154553,0.0017351443,0.00011920411
44,0.9995542,8.513947e-06,0.00042767366,8.9651285e-06,5.552146e-07
45,0.01218369,0.002370543,0.89992446,0.085493445,2.792993e-05
46,0.1419297,0.192021,0.5245991,0.11790265,0.023547556
47,0.0001292755,1.275427e-06,0.9998683,9.951715e-07,1.6246936e-07
48,0.0005268897,9.866552e-05,0.00021096713,0.99914956,1.3987902e-05
49,0.9999709,2.0414474e-05,6.086554e-06,2.4988078e-06,1.61296e-07
50,0.998309,0.00020592086,0.001328999,0.00015526952,8.886487e-07
51,1.1146612e-06,0.999974,2.0155604e-09,2.4939744e-05,1.8707624e-10
52,4.5233126e-05,0.00022011349,0.99948174,0.0001489723,0.000103967504
53,0.00030167482,5.5801434e-06,5.5514935e-05,6.4175416e-05,0.99957305
54,0.13921523,0.595985,0.20729664,0.052549776,0.0049533015
55,0.05580771,0.06941439,0.8615107,0.012989599,0.00027759452
56,0.9842525,0.000102001504,0.014407371,0.00026880892,0.000969415
57,0.26843715,0.14908873,0.3959317,0.14291085,0.043631542
58,0.00016817269,2.67981e-07,0.9998228,8.834438e-06,3.3808597e-08
59,0.997649,0.00019673753,0.001951132,0.00015057829,5.2551e-05
60,5.1933897e-05,5.496073e-07,0.99988914,5.473822e-05,3.6326776e-06
61,0.99348515,0.0014113511,0.003222914,0.0018681494,1.241729e-05
62,0.9202687,0.006358079,0.03087913,0.0396301,0.0028640814
63,0.99818265,0.0015004729,0.00026578578,4.2968943e-05,8.1385215e-06
64,0.99958056,0.00041473183,1.6355085e-06,2.752654e-06,2.3678868e-07
65,0.9995167,0.0004731116,2.6220082e-06,7.501452e-06,2.7807724e-08
66,4.3966655e-05,7.6783705e-05,6.172733e-05,0.99977845,3.914061e-05
67,0.009697447,0.054548793,0.88246423,0.053278107,1.1326714e-05
68,0.25192767,0.035520572,0.07155284,0.08882635,0.5521726
69,8.667041e-05,2.4484356e-05,2.1558626e-05,0.99986005,7.274451e-06
70,0.99762267,0.0006987917,0.0005270824,0.0011121209,3.9334314e-05
71,0.001892667,0.99762625,0.00041521023,3.325771e-05,3.2568878e-05
72,0.95663285,0.0031500417,0.03708613,0.0029440997,0.00018695409
73,0.9999981,1.2946792e-07,1.1661394e-06,5.7403315e-07,2.5324944e-08
74,0.008781362,0.04453005,0.9446709,0.0019361854,8.145039e-05
75,1.8875704e-05,6.417515e-07,1.7530781e-05,0.9999628,1.4703483e-07
76,0.9694555,0.0047337236,0.024361394,0.0013805315,6.8848996e-05
77,0.9997212,0.00019401661,2.8150951e-05,5.6531615e-05,1.4278702e-07
78,0.9999553,1.3658483e-05,1.2953772e-05,1.778104e-05,1.9614006e-07
79,0.98723,0.0013793992,0.010644386,0.00064216665,0.00010402593
80,3.628301e-06,3.85769e-06,0.9999912,1.3454875e-06,3.330445e-09
81,0.99983287,9.375095e-06,4.868875e-05,0.00010904094,5.241747e-08
82,0.02463373,0.000563932,0.37328503,0.5995676,0.0019496814
83,0.19455652,0.8028712,0.001532435,0.00017078625,0.00086910266
84,0.89262235,0.0017571371,0.103073165,0.0025144324,3.283755e-05
85,0.0346737,0.004952833,0.9450318,0.00043595364,0.014905705
86,0.99996996,9.223181e-08,4.382672e-06,2.5546973e-05,3.923317e-09
87,0.9876095,0.0003450835,0.011972954,4.1814423e-05,3.074684e-05
88,0.9918316,0.00016638683,0.0032261822,0.004745746,3.0142142e-05
89,7.879137e-06,1.9878878e-06,1.2232209e-06,0.9999887,1.5378187e-07
90,2.7718002e-06,6.561251e-07,7.542873e-08,0.9999964,1.2913741e-08
91,8.994349e-06,3.78801e-06,0.99939513,0.00058869825,3.4541442e-06
92,0.9988102,1.3278545e-05,0.0011587417,1.682996e-05,9.784317e-07
93,0.9990829,0.00010196278,0.00069859496,0.00010971072,6.77635e-06
94,0.00089502084,3.5835586e-05,0.9990614,7.1615896e-06,5.332805e-07
95,0.48803085,0.49219817,0.017438248,0.0019033455,0.00042940173
96,0.99643564,0.0018742837,0.0013642741,0.00020074013,0.0001250571
97,0.0009251139,0.0006841154,0.0013808748,0.99689305,0.00011676063
98,0.14914282,0.066645645,0.7563014,0.011635222,0.016274828
99,1.2193601e-07,3.7121537e-09,0.9999999,5.41766e-09,6.628503e-10
100,6.796867e-05,5.4447846e-05,0.9998727,4.0016494e-06,8.7580986e-07
101,0.09621145,0.03928318,0.5981763,0.13774735,0.12858173
102,0.00014720047,0.9996025,9.792779e-05,0.00014841215,4.032068e-06
103,0.99995327,2.0994807e-05,1.6636968e-05,7.7604445e-06,1.3707802e-06
104,0.0003702103,0.000568166,0.9990447,1.4347078e-05,2.608022e-06
105,0.99999404,1.5525535e-06,3.2226217e-06,1.1400581e-06,4.1660527e-08
106,0.9714386,0.0031433227,0.025251094,7.7696095e-05,8.93506e-05
107,1.5582367e-07,0.99999976,1.985174e-08,8.058785e-08,2.1482685e-10
108,1.7127962e-06,3.066632e-08,9.75606e-06,4.7950437e-07,0.9999881
109,4.1455016e-07,0.99999785,2.7143778e-09,1.6780638e-06,6.406955e-10
110,6.461393e-06,6.483568e-07,0.99998033,1.2479093e-05,5.329061e-08
111,0.9977708,0.00026271565,0.0004975765,0.0012510605,0.00021793065
112,3.5336067e-05,2.3989314e-05,0.9999392,1.349554e-06,8.929221e-08
113,8.861211e-06,3.5982487e-07,0.99998856,2.201283e-06,1.2170577e-07
114,0.99985826,9.778653e-05,4.0594532e-05,3.2625517e-06,5.627869e-08
115,2.7353392e-06,2.3987537e-05,0.99997187,1.3643106e-06,3.4966938e-08
116,8.45568e-05,0.00034613855,1.670737e-05,0.99923253,0.00032003594
117,0.9893188,0.0028905428,6.7967645e-05,0.0077143577,8.370379e-06
118,0.013138695,1.4774153e-05,0.98683584,1.045008e-05,2.8615403e-07
119,4.5111356e-05,0.9999101,1.9515204e-05,2.5189893e-05,6.022653e-08
120,0.023110636,0.006165159,0.0042888024,0.0044959984,0.9619393
121,0.99951005,5.6755336e-05,0.00010620031,0.00032681067,2.0174707e-07
122,0.0055084294,5.4403823e-05,0.00022856248,0.99093413,0.0032744047
123,0.9989397,4.6180343e-05,0.000918398,9.222044e-05,3.6050708e-06
124,0.9372605,0.0264445,0.03152255,0.003023134,0.0017494147
125,0.000152876,2.7852656e-07,2.4394398e-05,0.9998222,3.5943236e-07
126,0.047112912,0.0024851395,0.8759918,0.011062892,0.06334726
127,2.150074e-06,2.0638583e-06,3.6532263e-06,2.1040605e-06,0.99999
128,0.00031280864,1.3847552e-05,0.99947244,0.00017885004,2.2112314e-05
129,6.635498e-05,8.214565e-07,0.99990964,2.286031e-05,2.4938018e-07
130,0.060739793,0.0019878577,0.93675256,0.00032052974,0.00019926103
131,0.99945587,0.00025720353,0.00014633745,0.00013999111,6.231993e-07
132,0.00016987552,0.9997074,6.596363e-06,0.000115805946,3.1142568e-07
133,0.0054862606,0.008159146,0.0059682,0.00028093145,0.98010546
134,0.9299078,0.025780585,0.033691827,0.009437133,0.0011825805
135,0.08836272,0.074728414,0.19462523,0.17473511,0.46754852
136,0.96514803,0.022883667,0.009748248,0.0018349871,0.00038511923
137,0.00083102024,0.99897635,8.173976e-05,0.00011007734,9.1843157e-07
138,0.010983314,0.0010963586,0.0034666855,0.98372895,0.0007247349
139,0.9985769,0.0013987154,1.0947987e-05,1.12549105e-05,2.1906062e-06
140,1.920961e-09,1.5086447e-10,1.0,1.9925185e-08,3.22842e-12
141,0.9949485,0.00012477188,0.0048286757,9.560827e-05,2.3453188e-06
142,0.99996793,1.0814989e-05,1.2301914e-06,1.6776015e-05,3.3621507e-06
143,0.08964531,0.0058077406,0.8411042,0.04626636,0.017176412
144,0.99997807,1.2691081e-06,2.694662e-06,1.797947e-05,3.2142167e-09
145,0.0010019279,4.619142e-05,0.0006946061,0.00083918835,0.99741805
146,0.0023361521,0.0003346069,0.9969337,0.00038968484,5.8494775e-06
147,0.99744236,0.0007060393,0.00047902757,0.0013648315,7.7233335e-06
148,5.4376183e-06,6.2003653e-07,3.363067e-06,0.9999906,3.0660652e-09
149,0.9997775,8.520236e-06,0.00021279862,1.231814e-06,5.8538514e-08
150,0.9979468,0.0016839427,0.00033748188,2.3569237e-05,8.231051e-06
151,0.00011468725,9.1207425e-05,9.852864e-06,0.9997842,8.5724146e-08
152,0.99925464,1.2018869e-05,0.00024068845,0.0004885983,3.8849794e-06
153,9.47449e-07,3.4291463e-07,3.7291409e-06,0.999995,1.029634e-09
154,0.99866796,0.0012062776,0.00012457932,1.218537e-06,1.5520863e-08
155,0.804854,0.027634848,0.13566591,0.028610062,0.0032352062
156,0.99992,3.2164313e-05,2.8673852e-05,1.7974484e-05,1.0926112e-06
157,0.9772586,0.0019196961,0.019275775,0.0014768277,6.911176e-05
158,2.2686092e-05,0.0009668558,0.99899095,1.8065191e-05,1.4941653e-06
159,0.00022325995,0.00022825968,0.99954647,1.5528327e-06,3.8374358e-07
160,0.98586816,0.00011462168,0.0017360455,0.012245258,3.5915327e-05
161,0.9993431,9.9411245e-06,0.00050862384,0.00013686653,1.5553679e-06
162,0.008228345,0.00062962173,0.9544975,0.03412426,0.0025201917
163,0.0022469307,4.635519e-06,0.9975775,0.0001545809,1.6409316e-05
164,0.04833427,0.030883156,0.012480887,0.907009,0.0012926966
165,0.9990251,0.00081859867,0.000106691965,3.9332328e-05,1.0197238e-05
166,0.9836647,0.015544239,0.00063190865,0.0001068262,5.233858e-05
167,7.593841e-05,0.9999095,1.264049e-05,1.8932665e-06,1.8257774e-08
168,7.394211e-06,0.99999094,4.3370332e-07,1.1520596e-06,5.259128e-09
169,0.99997115,2.7093041e-05,7.3545306e-07,1.0751074e-06,4.541568e-09
170,0.062506005,0.06442028,0.06146765,0.04473797,0.76686805
171,0.99337476,0.0005528921,0.0036750434,0.0023570664,4.024658e-05
172,0.99986255,0.00012431615,5.072227e-06,7.910879e-06,9.8625954e-08
173,0.9997422,0.00011966933,5.958437e-05,7.060517e-05,7.912817e-06
174,1.7974882e-05,5.9347267e-06,0.0008224009,0.9990871,6.6587825e-05
175,0.99978226,5.663152e-06,0.0001648076,4.6425113e-05,7.7706363e-07
176,0.9893288,0.00020760379,0.010434064,2.6783056e-05,2.7843344e-06
177,0.99472433,0.005251508,1.4397923e-05,1.4580977e-06,8.333753e-06
178,0.004362384,0.9950433,0.00052636873,6.780973e-05,8.8589665e-08
179,0.977155,0.01782005,0.004813931,0.00020305497,7.99036e-06
180,0.9956813,0.0021792126,0.0019715917,0.00015071877,1.709907e-05
181,0.9999738,2.4326813e-05,1.787801e-06,1.5895155e-07,1.1977045e-08
182,4.9492675e-05,6.447208e-06,3.9582224e-06,0.99993885,1.2251353e-06
183,0.9996074,0.0002097959,1.0246369e-05,0.00015086654,2.1652852e-05
184,0.00010676107,5.5321157e-06,2.6729418e-05,0.999841,1.997366e-05
185,0.99135244,0.0030467922,0.0052998983,0.00021474643,8.620488e-05
186,5.2274504e-07,6.5590053e-09,4.576512e-06,1.3524003e-06,0.9999937
187,1.51898e-05,4.1368516e-05,0.99994135,2.0238645e-06,1.0313069e-08
188,0.006603887,0.0004672989,0.0006011388,0.9923139,1.3773647e-05
189,3.1375843e-05,7.9271973e-07,3.042545e-05,0.99968934,0.00024802412
190,0.00013632528,1.1784227e-06,1.620918e-05,0.0030977111,0.9967487
191,0.0033946582,0.001982993,6.7941546e-06,0.99461526,2.934992e-07
192,7.395649e-05,0.99982446,9.166858e-05,9.83561e-06,6.7248585e-08
193,0.99416393,0.004763468,1.951116e-05,0.0010487742,4.2398983e-06
194,2.951225e-06,1.1525053e-05,6.615334e-06,0.9999747,4.1097605e-06
195,8.413533e-06,1.8087349e-05,0.99997306,3.5431853e-07,1.1605685e-08
196,0.0072668386,0.00020528368,0.97269803,0.01541864,0.00441115
197,1.0298473e-06,1.3915482e-06,7.6532015e-06,0.99998987,3.6046398e-08
198,0.37967947,0.11647004,0.07762598,0.0472003,0.37902418
199,2.9988546e-06,1.3339267e-06,0.00078783947,0.9992061,1.7490528e-06
200,1.9333524e-05,0.99986565,8.1723934e-05,3.3089374e-05,1.0981903e-07
201,0.00011016188,0.9998217,4.131271e-05,2.55084e-05,1.3503636e-06
202,0.014886737,0.0020154878,0.9545187,0.02682587,0.0017532181
203,5.4736043e-05,0.99986947,4.5260043e-05,3.048359e-05,1.4044962e-08
204,0.9981704,0.001521557,0.000114509465,0.00016474492,2.8836652e-05
205,0.026967397,0.15640622,0.8158839,0.0006633405,7.9110156e-05
206,0.50536615,0.06221947,0.02687824,0.40553024,5.856305e-06
207,0.9913685,0.0009086742,0.0048869066,0.0026797904,0.00015624311
208,0.0016448296,0.99825686,7.133716e-05,2.4550722e-05,2.4347971e-06
209,2.0521928e-05,3.2234684e-06,8.849558e-06,0.9999659,1.5115155e-06
210,0.00078486756,0.00040029292,0.9901579,0.008586305,7.0714e-05
211,0.99974483,1.4331345e-05,4.70421e-05,0.00019312052,5.8508056e-07
212,0.9987863,0.0008852431,0.00031489873,1.2931041e-05,6.5152176e-07
213,0.9957001,0.00089612097,0.00038568012,0.0029655788,5.2608695e-05
214,0.00036934717,0.9993887,0.00017806177,6.380016e-05,3.541032e-08
215,0.99999857,2.3569204e-07,2.4016927e-07,9.0505137e-07,1.1041597e-09
216,1.4744807e-05,3.3061414e-07,2.4969282e-05,0.9999598,9.4061086e-08
217,0.99831164,5.0363597e-05,8.8307104e-05,0.0015477075,2.0302277e-06
218,0.9999715,1.25218285e-05,8.271823e-06,7.609336e-06,6.341785e-08
219,0.99032074,0.0061441874,0.002831163,0.00068480085,1.9046878e-05
220,0.89452314,0.100270346,0.0036730345,0.0005082927,0.001025188
221,0.0022305131,1.8905572e-05,5.303468e-05,0.9596676,0.038029984
222,0.99949193,0.00034111412,0.00016297649,2.748693e-06,1.2324199e-06
223,1.03629326e-07,0.99999964,1.105421e-09,2.846502e-07,1.9475402e-10
224,0.0013848215,0.00022355448,0.99822944,0.00011424189,4.791393e-05
225,0.11059385,0.033272427,0.0053610145,0.51609993,0.33467275
226,0.9994978,1.6166727e-05,0.00032776236,0.0001572474,1.0828945e-06
227,9.376722e-05,2.3485281e-05,7.9911624e-05,0.9996283,0.0001744793
228,3.2169962e-06,3.8557855e-06,1.7949587e-05,0.9999665,8.5504125e-06
229,1.4669272e-05,1.4292751e-06,0.00022760648,0.9997563,3.5086522e-08
230,0.0007541259,8.4606414e-05,0.99852306,0.0002096117,0.00042864468
231,0.9995851,0.00036799093,3.876634e-05,7.954258e-06,2.3528068e-07
232,6.605754e-08,0.9999999,1.3074304e-09,8.224431e-11,2.1333801e-11
233,0.9997178,2.9090115e-05,0.00017273934,8.044411e-05,4.0347135e-08
234,0.04030968,0.0034945623,0.015228529,0.93332237,0.007644791
235,0.9259837,0.025309755,0.0133268675,0.0323863,0.0029933094
236,0.0068214373,0.99005497,0.0016479315,0.0013999791,7.569371e-05
237,0.99975246,2.9948695e-05,6.266466e-05,0.00015375282,1.1491297e-06
238,0.999995,3.88274e-06,1.0582467e-06,8.282792e-08,1.976198e-10
239,0.9999291,5.377191e-05,1.4306623e-06,1.5716836e-05,3.8177213e-09
240,0.9997938,0.0001732942,4.1371236e-06,2.4025938e-05,4.609747e-06
241,0.0003658669,3.868598e-06,0.9996124,1.7184793e-05,7.2057406e-07
242,0.0021375832,0.9906611,0.007073935,0.0001244873,2.9670905e-06
243,0.10940331,0.06292616,0.3170196,0.3943301,0.11632076
244,9.033272e-07,5.2586365e-06,0.99998283,1.0852065e-05,1.7350945e-07
245,3.2809796e-05,3.988872e-06,0.9999598,2.0221753e-06,1.4076552e-06
246,0.47959283,0.04786294,0.34083444,0.021830162,0.109879576
247,0.99996316,8.4006166e-07,4.8450024e-06,2.6712425e-05,4.4425783e-06
248,0.9989686,6.193155e-05,0.0009626572,5.57089e-06,1.2010198e-06
249,0.99342054,0.00037010678,0.001445257,0.004111557,0.0006525323
250,9.517795e-05,2.265458e-06,6.9002126e-06,0.00012584991,0.99976975
251,2.6246507e-06,0.99999464,9.929967e-08,2.473337e-06,7.971833e-08
252,0.9992493,0.00019218463,0.0004669673,7.829535e-05,1.3247265e-05
253,0.9961737,9.9724e-05,0.0037177848,8.611281e-06,2.538638e-07
254,0.010898423,0.032971907,0.9517258,0.0034385957,0.0009653419
255,8.145142e-07,1.3530567e-07,1.1134794e-05,1.1039832e-05,0.9999769
256,0.99625933,5.399532e-05,0.0014032461,0.0022812367,2.306835e-06
257,2.11585e-05,4.351936e-06,1.4731287e-05,0.9999589,8.7618025e-07
258,6.701992e-05,9.432432e-07,4.02795e-06,0.9999273,6.5293193e-07
259,0.9999541,1.0680624e-06,3.6879883e-06,4.099117e-05,1.6970117e-07
260,2.200107e-06,0.99999774,5.9185092e-09,1.01250714e-08,8.1932475e-13
261,0.99670887,2.380549e-05,0.003187551,5.6986824e-05,2.2825978e-05
262,5.845618e-05,2.107861e-05,2.6863372e-05,0.9998933,2.6144514e-07
263,0.3344567,0.022952223,0.64066476,0.0013394873,0.0005868379
264,0.14985186,0.080164574,0.14041509,0.2588404,0.37072808
265,0.9995671,0.00013652354,0.00023469818,4.623293e-05,1.5323567e-05
266,0.9906254,0.00011272542,1.5219777e-05,0.009243123,3.5901805e-06
267,0.9972548,0.00031858994,0.0010924994,0.0012115905,0.00012252624
268,0.57984877,0.01657556,0.16282143,0.22340892,0.01734531
269,0.995846,0.0036584742,0.00012808517,0.00035283953,1.4580952e-05
270,0.9981231,7.7010045e-05,0.0012496258,0.0005077954,4.2435477e-05
271,3.1298336e-05,0.9999635,1.3757433e-06,3.8340004e-06,1.0397099e-08
272,0.0493398,0.00013252675,0.9499666,0.00047681885,8.418026e-05
273,0.998579,0.0006715071,0.0006560214,7.742987e-05,1.6053062e-05
274,0.014955399,0.00018296139,0.0058558,0.97565085,0.0033549753
275,0.99926203,9.120467e-05,0.0004788016,0.00016276428,5.230193e-06
276,9.412048e-08,2.0660073e-08,0.99999976,8.451642e-08,2.23602e-10
277,0.00041213183,9.48286e-06,0.9995635,1.2705575e-05,2.150867e-06
278,0.0010667839,0.00018597937,0.00021710225,0.0005723508,0.9979578
279,0.9999162,3.552739e-05,4.200814e-05,5.949743e-06,3.091961e-07
280,0.9999536,3.667383e-05,2.94727e-06,6.199484e-06,5.1995426e-07
281,3.5777044e-05,0.0038179706,0.9961345,6.680969e-06,5.11735e-06
282,6.867847e-06,2.6857563e-07,0.9999919,9.2682336e-07,1.1667562e-08
283,0.027560188,0.016496342,0.84122956,0.1120858,0.0026280752
284,0.00023542986,0.99974996,1.7739545e-06,1.2561809e-05,3.078285e-07
285,0.9994192,2.9347499e-05,1.9614261e-05,0.00053161697,2.3197519e-07
286,0.06393234,0.002891189,0.93250346,0.0005792,9.378544e-05
287,0.99991536,1.2146184e-05,1.6194565e-05,5.562528e-05,5.851965e-07
288,0.04076793,0.008875805,0.06484258,0.029258592,0.856255
289,0.00013331558,0.0024714244,4.436462e-05,0.9973476,3.3086578e-06
290,0.9990115,0.00040207477,0.00054352335,3.1311898e-05,1.1572538e-05
291,3.4001907e-06,1.1053613e-06,8.284292e-06,6.8168642e-06,0.99998045
292,0.02603034,0.6423333,0.27869117,0.04793073,0.0050144237
293,0.00096835877,2.880111e-06,0.999025,3.5237717e-06,1.8947539e-07
294,0.99963844,0.00023319574,0.0001086492,3.9560637e-06,1.576602e-05
295,0.99895906,1.7983877e-05,0.00022304535,0.0007995453,3.43648e-07
296,0.7232912,0.20204952,0.04136453,0.032881245,0.00041339878
297,1.7763165e-05,2.2176032e-06,0.99995744,2.2404818e-05,1.3656205e-07
298,1.6636577e-06,2.76494e-08,0.9999312,6.7088804e-05,4.6547807e-08
299,0.99815303,0.0017789598,5.7180263e-05,9.616291e-06,1.1616281e-06
300,2.0266725e-05,0.00047941518,6.273733e-05,0.99943537,2.208832e-06
301,0.0009851322,0.0020558124,0.002058985,0.9948999,1.7429697e-07
302,2.5191006e-05,3.6609745e-06,0.99997044,6.1137507e-07,4.7671527e-08
303,0.99249834,0.006586976,0.0006791342,0.00015024428,8.526977e-05
304,3.2031411e-07,7.662012e-09,0.9999995,1.6907754e-07,1.3014083e-10
305,0.29787514,0.0053140065,0.13216762,0.43501902,0.12962425
306,0.9994955,9.01225e-05,2.5964018e-05,0.0003865725,1.7278478e-06
307,0.08328465,0.0001908149,0.0028272094,0.9102311,0.0034661356
308,0.99888283,0.00032659995,0.0007666278,1.1174997e-05,1.2755615e-05
309,0.9933749,0.0063923253,0.00021450635,1.4424372e-05,3.8495946e-06
310,0.0007256609,0.00055466697,0.9986358,7.3588795e-05,1.0341342e-05
311,0.97849727,0.0011081963,0.019509275,0.00042037084,0.00046492578
312,0.058711503,0.02672284,0.9144023,0.00012839478,3.4905293e-05
313,0.99967945,5.3508007e-05,4.7751215e-05,0.00019798806,2.1288359e-05
314,0.99975616,1.1061009e-05,0.00021998546,1.263031e-05,9.661588e-08
315,0.99536407,0.0008279522,0.0038036346,4.0384425e-06,2.1063745e-07
316,9.502892e-05,5.672317e-06,4.191147e-05,0.9998572,1.3849804e-07
317,3.0660827e-05,5.7819285e-05,0.00017815879,0.99973303,3.2791277e-07
318,0.001307292,1.7474514e-06,0.9972198,0.0014709266,2.9451593e-07
319,0.014447572,0.0065077473,0.008170405,0.97062165,0.0002526611
320,0.9998747,1.51222175e-05,0.00010791414,2.1792746e-06,1.1653726e-07
321,0.99297595,0.0011395494,0.0023859278,0.0034916168,7.0421083e-06
322,0.99997663,1.8894605e-05,1.3085221e-06,3.1638601e-06,2.857614e-08
323,0.99032766,0.00020222612,0.0020894147,0.0060985726,0.0012821665
324,0.99125767,0.007242429,0.0014436397,5.2231073e-05,4.0688788e-06
325,0.979514,0.01754185,0.001843734,0.0010631995,3.7160433e-05
326,1.6131286e-05,1.9522215e-06,0.9999819,1.2212654e-07,1.4267632e-08
327,0.96776754,0.0012874275,0.003693207,0.027211117,4.069969e-05
328,0.99990475,1.0895102e-05,5.1376228e-05,3.204078e-05,1.0117558e-06
329,0.9996877,6.231032e-05,0.00024256304,6.8233353e-06,7.5463316e-07
330,0.00028567575,0.00020126233,0.001140394,0.9983449,2.775589e-05
331,0.010425466,2.4639636e-05,0.05142316,0.9379489,0.00017782988
332,0.39754084,0.5955513,0.0040953658,0.0026273886,0.00018511858
333,8.627266e-06,9.034479e-08,1.3386175e-05,0.9999777,1.3242376e-07
334,0.99972945,2.1422684e-05,0.00024445032,4.495409e-06,2.2247808e-07
335,0.98578066,0.00038020127,0.012006341,0.0017096678,0.00012318273
336,1.5013187e-06,1.1939673e-08,9.029676e-07,0.9999976,9.16402e-09
337,2.8740808e-07,1.3879583e-06,0.999998,2.9078566e-07,4.4378208e-08
338,0.9875365,0.00011241381,9.438868e-05,0.01225597,7.451451e-07
339,0.00055377744,9.533685e-06,1.8465348e-06,0.99943477,4.0716483e-08
340,6.911372e-05,0.00012883138,7.230273e-05,0.99968183,4.7961592e-05
341,0.9853536,0.0020321105,0.010981768,0.0015973927,3.5161782e-05
342,0.98381424,0.0020466507,0.010435176,0.0035585612,0.00014538554
343,0.9999074,2.860297e-05,2.7272408e-05,3.6438454e-05,2.915115e-07
344,5.5598335e-05,3.7195457e-06,8.331789e-06,0.99992585,6.5346894e-06
345,0.07303986,0.013825103,0.12958978,0.7428567,0.040688623
346,0.00012592968,5.8450223e-06,0.000184967,0.9996557,2.754522e-05
347,0.98552114,0.00030273356,0.014086369,6.98905e-05,1.9850278e-05
348,0.08447067,0.0072713005,0.82029825,0.072763935,0.015195757
349,0.67204195,0.004276662,0.08326844,0.115171626,0.1252413
350,0.17226261,0.14661258,0.16681695,0.4841361,0.030171687
351,0.9997787,3.7879738e-05,9.494617e-05,8.7283435e-05,1.2278595e-06
352,0.99994683,4.0041854e-05,4.146965e-06,8.491185e-06,4.3083153e-07
353,0.99997056,4.822448e-07,2.8047685e-05,9.303653e-07,2.517979e-09
354,2.713257e-07,1.938934e-08,8.4389524e-07,1.8660573e-07,0.9999987
355,3.0690805e-06,0.99999547,3.4253756e-07,1.0606823e-06,1.3518467e-10
356,2.4223798e-06,7.9992225e-07,0.9999945,2.2904837e-06,7.3014212e-09
357,0.00016256704,1.4103698e-05,1.33703525e-05,2.8834089e-05,0.9997812
358,0.027402444,0.9611025,0.010311998,0.001157197,2.5945048e-05
359,7.6848155e-06,1.9225931e-08,0.99998474,7.4714144e-06,6.2432934e-09
360,0.00013845446,1.2406783e-05,2.7864976e-06,0.9998461,2.3659828e-07
361,0.9999995,2.2596504e-07,5.719735e-08,2.1183124e-07,6.142132e-11
362,0.99995875,1.0076174e-05,3.0756117e-05,4.1098966e-07,5.918459e-09
363,0.99993086,6.584219e-05,2.741019e-06,5.2600114e-07,3.939737e-08
364,0.000999975,7.4112704e-06,0.00086147187,0.9981306,5.2223004e-07
365,2.8193774e-06,1.195667e-06,0.99999535,4.506003e-07,1.5576236e-07
366,0.9999006,3.9799434e-05,2.6936323e-05,3.2021493e-05,5.4777274e-07
367,0.99887925,0.000106436055,0.0009933821,2.045122e-05,5.2364e-07
368,0.0006942099,6.047584e-05,0.9986141,0.00046816128,0.00016304903
369,0.9998815,1.1231687e-05,8.506318e-05,2.1784657e-05,4.0098658e-07
370,0.0009953501,0.004106591,0.004903038,0.9898084,0.00018675625
371,1.7125612e-05,1.9444024e-05,0.000133944,0.9998294,1.1847821e-07
372,0.9968233,0.0010662767,0.00012351385,0.001982724,4.3016516e-06
373,0.9999844,1.0094191e-06,1.42399995e-05,3.9033173e-07,1.5075178e-08
374,4.6267e-05,0.99993074,2.0234194e-05,2.7732283e-06,1.0286747e-09
375,0.99993885,5.863608e-06,2.2519456e-05,3.2261567e-05,4.4037324e-07
376,1.4728583e-06,9.4249e-05,0.9999037,5.909984e-07,1.1804078e-08
377,0.9991289,0.00012891025,0.00014360942,0.00059720874,1.3718081e-06
378,0.99089664,0.00025812193,0.008296704,0.00051942864,2.9180159e-05
379,0.99888617,2.4216468e-05,0.0010098667,7.9213576e-05,5.263704e-07
380,0.67708755,0.009021421,0.30041575,0.0015157682,0.011959468
381,0.973117,0.0030144188,0.0006013199,0.022830022,0.00043722158
382,0.9996381,0.00013748158,0.00012593166,9.0260255e-05,8.276916e-06
383,0.9990004,0.0004414996,0.000110044406,0.00044591606,2.1560875e-06
384,0.00047574713,9.762009e-05,0.999371,3.0712603e-05,2.4993162e-05
385,0.71315104,0.0029241403,0.28215086,0.00073514495,0.0010388786
386,1.4925117e-05,1.7725435e-05,0.9999665,5.6440473e-07,3.721121e-07
387,0.9815214,0.0029617592,0.000647928,0.014586731,0.0002821291
388,0.045386966,0.00033383872,3.9153118e-05,0.95418733,5.2769046e-05
389,0.9557012,0.016379077,0.017397782,0.010408777,0.00011312739
390,0.99996483,3.1380747e-05,1.542483e-06,2.2375505e-06,3.8834454e-08
391,0.0006396227,4.7545916e-05,0.99923146,5.8845085e-06,7.541069e-05
392,0.00024019305,1.7636211e-06,1.3911858e-05,1.9923218e-05,0.9997242
393,0.9930934,3.3424953e-05,0.0063800584,0.0004912327,1.9271306e-06
394,0.999548,0.00022365815,0.0001265789,0.00010037089,1.4720227e-06
395,0.0024385757,0.9974841,6.644977e-06,6.1155035e-05,9.593894e-06
396,0.9939314,0.0018574819,0.0003172283,0.003803653,9.033679e-05
397,0.9998679,2.0612728e-05,6.480281e-05,4.6131743e-05,5.1095674e-07
398,0.00015232118,1.1454728e-06,4.4017333e-06,0.00026447614,0.9995777
399,0.08959275,0.017942471,0.00079574104,0.87133956,0.02032943
400,0.99955755,7.674042e-06,0.00041455604,2.0190084e-05,2.419433e-08
401,0.9907889,1.2987597e-05,5.8615246e-05,0.009139159,3.383069e-07
402,0.00057227764,0.009277142,0.00043162264,0.0035886904,0.9861303
403,5.3726467e-07,1.7981934e-06,2.0185216e-05,0.9999734,4.0423447e-06
404,0.021188196,0.90671754,0.06044043,0.011192133,0.00046169438
405,0.99774003,0.0020780363,0.00017679013,3.0698893e-06,2.1359865e-06
406,0.0009669118,0.00010129308,0.0018592416,0.99651766,0.0005547905
407,0.99950767,1.6331613e-05,1.2941381e-05,0.00046293053,6.6307585e-08
408,0.0001883781,8.863537e-06,0.9997247,7.712376e-05,8.961994e-07
409,0.002058745,0.997449,3.5180453e-06,0.00048833166,3.4961863e-07
410,0.008341208,2.492118e-05,0.00087844575,0.9897475,0.0010079887
411,0.32875,0.024624944,0.11810496,0.4544396,0.0740805
412,0.9835897,0.00136834,0.014381072,0.0005572075,0.00010359433
413,0.99890566,0.0009570134,7.8760975e-05,4.8397895e-05,1.0274694e-05
414,0.012275194,0.00021107841,0.98604476,0.00014970741,0.0013192885
415,3.2234486e-06,1.3465138e-05,7.0271963e-06,0.99997604,2.1438862e-07
416,0.9994987,0.0004426039,3.3938126e-05,2.3953653e-05,6.723172e-07
417,0.00021079642,0.99771,0.0012715276,0.0008060772,1.6615586e-06
418,8.531558e-07,0.9999939,1.8416999e-07,5.0488143e-06,1.197045e-09
419,0.0037908924,3.3850035e-06,0.9941478,0.001994011,6.399105e-05
420,0.99947923,0.00021323258,2.008122e-05,0.000284607,2.9042412e-06
421,0.0022380026,0.99738306,0.00015596197,0.0002002958,2.2570484e-05
422,0.052946135,0.015931746,0.03223548,0.7215345,0.17735215
423,0.99971026,0.00016165254,9.132236e-05,3.5029e-05,1.779457e-06
424,0.9999453,1.4447372e-05,4.2937004e-06,3.5654004e-05,3.085753e-07
425,1.6358814e-05,8.521431e-06,0.9999262,4.8391463e-05,6.2026163e-07
426,0.99950826,0.0004417681,4.229335e-05,7.2447506e-06,5.0532515e-07
427,0.072349824,0.00051245466,0.00014116985,0.9269949,1.6964324e-06
428,0.0013526987,1.4292509e-07,0.00015743796,0.9984896,7.124489e-08
429,7.765723e-05,4.02827e-05,0.0003811742,0.99950075,1.03990956e-07
430,4.7812402e-05,2.7940982e-07,0.9999385,1.3218352e-05,2.1301106e-07
431,0.98559535,7.642435e-05,0.012890286,0.0013626193,7.5307486e-05
432,0.97547,0.009198768,0.010158283,0.00501935,0.00015355989
433,0.99817836,2.4230207e-05,0.0015563151,0.0002171465,2.3945382e-05
434,0.002862291,5.769755e-05,0.00072660606,0.0064605284,0.9898929
435,0.9997137,5.5362332e-05,0.00022749783,3.3386261e-06,4.6091227e-08
436,6.683896e-07,1.8652007e-06,0.9999968,5.852392e-07,1.0586191e-08
437,8.8497116e-05,8.370308e-06,2.3988584e-06,0.9999007,7.4236354e-08
438,0.0047430503,0.9928235,0.00060849224,0.0017301348,9.482535e-05
439,5.3566287e-06,0.99998176,9.4798004e-08,1.2714406e-05,2.697078e-08
440,6.996885e-05,6.5805007e-06,0.9997012,0.00021598116,6.133175e-06
441,0.9924117,0.00029526337,6.029979e-05,0.007231904,7.707217e-07
442,2.4572439e-05,4.40962e-07,8.589498e-07,0.999974,6.1143524e-08
443,4.846464e-06,1.2308677e-06,0.999951,4.263939e-05,3.087101e-07
444,3.882364e-05,0.9999243,1.0808819e-06,3.46255e-05,1.2674423e-06
445,0.07609339,0.06206113,0.80118567,0.057323396,0.0033364166
446,0.99923885,2.071138e-06,2.444428e-05,0.0007343866,2.0800465e-07
447,6.244604e-05,2.3662365e-05,4.401336e-05,0.99986255,7.2334396e-06
448,0.9997881,0.00021036399,8.6029104e-07,7.02344e-07,4.930333e-09
449,0.99900776,0.00040597757,0.0004738435,0.00010147319,1.0936262e-05
450,0.9999162,6.365092e-05,1.175968e-05,8.379136e-06,5.380458e-08
451,0.039927136,0.7167384,0.24143851,0.0018387906,5.716718e-05
452,0.99955326,2.6547199e-05,1.8765506e-05,0.0003954286,6.1035444e-06
453,0.99998856,1.3411001e-06,1.0043399e-06,9.152336e-06,4.4349274e-08
454,0.00018829973,0.99980646,4.645074e-06,5.3718566e-07,6.079505e-11
455,0.99989414,2.154669e-06,7.3881136e-05,2.7960297e-05,1.8462721e-06
456,0.9999956,1.879304e-06,2.2750296e-06,2.9350952e-07,5.5681454e-10
457,0.9999517,3.248433e-05,1.4745573e-05,1.0618473e-06,9.170017e-09
458,0.09451834,0.82894784,0.06078503,0.013499572,0.0022492697
459,0.9953957,0.0032637406,0.0012313906,9.6469135e-05,1.273035e-05
460,3.9202787e-05,4.085647e-06,0.9999553,7.997078e-07,5.7595844e-07
461,0.051275786,0.015045632,0.024861826,0.9034553,0.0053613964
462,0.99952626,3.56215e-05,1.659792e-05,0.00042121692,3.8227589e-07
463,0.24376339,0.015493925,0.7378516,0.0022237692,0.00066725136
464,0.0017916051,2.1363761e-05,0.0004615662,0.99771214,1.3288624e-05
465,0.00086261646,2.8451712e-05,0.998384,0.00068789517,3.702997e-05
466,0.9881911,0.0011182012,0.0029220078,0.007651785,0.000117008625
467,0.9983011,0.0006481764,0.00086636055,0.00017725177,7.1306404e-06
468,0.97274226,0.013806968,0.0118985195,0.0014534877,9.883932e-05
469,8.704946e-06,0.00011751275,2.132056e-05,0.999851,1.4977538e-06
470,0.05681891,0.09858637,0.034442704,0.09313305,0.717019
471,0.005761603,0.98604673,0.00096090976,0.004931952,0.002298787
472,0.12674703,0.061462432,0.0040958915,0.8076693,2.5386556e-05
473,0.99813735,4.7315418e-05,0.0010727553,0.00033275812,0.00040981386
474,0.0001029808,3.2589018e-05,0.99986196,2.5079796e-06,1.749565e-08
475,0.20906906,0.25651884,0.20892112,0.27773967,0.047751307
476,0.8338158,0.13322213,0.026522793,0.0059477,0.00049149804
477,5.659732e-06,2.9908074e-07,5.3399012e-06,5.6257763e-06,0.9999831
478,0.0051866444,0.026935367,0.9674508,0.00026967184,0.00015757521
479,0.95808804,0.008138251,0.012386816,0.020199392,0.001187441
480,0.33437046,0.3705543,0.14798951,0.07029884,0.07678685
481,0.00023388235,0.00016286549,0.99933904,0.0002634927,7.371777e-07
482,0.96597755,0.026884206,0.00499798,0.0012443342,0.0008959064
483,0.9991855,0.0004145855,1.388704e-05,0.0003791484,6.7663123e-06
484,0.9999906,3.4352472e-06,5.0198323e-06,9.735344e-07,8.916484e-09
485,1.923734e-05,3.0525786e-07,0.99998045,7.822227e-09,1.0601111e-08
486,0.0026349183,0.0013947653,0.0044619744,0.9915073,1.0140592e-06
487,0.9999975,1.3876924e-07,2.1989445e-06,2.17075e-07,1.1169907e-09
488,5.0213134e-06,1.8554947e-07,5.6314928e-08,0.99999464,2.9952576e-09
489,0.9957217,0.0020379592,0.0015823161,0.00011342428,0.0005445684
490,0.09501247,0.009069349,0.7517507,0.009510961,0.1346565
491,0.90069735,0.06541238,0.012230905,0.017202776,0.00445651
492,0.90575165,0.028024038,0.011102423,0.027830752,0.027291168
493,0.9998685,1.48989675e-05,2.125465e-05,9.153319e-05,3.7907553e-06
494,0.0027941337,0.0003279215,0.99641126,0.00039379258,7.290483e-05
495,6.1209914e-07,6.3648756e-08,3.747288e-08,0.99999917,8.742799e-09
496,0.99912184,2.8433991e-05,0.0002446125,0.00059861096,6.476664e-06
497,4.285488e-05,4.5151487e-06,0.99985373,9.795437e-05,9.331151e-07
498,8.3684296e-05,0.9998646,4.0926294e-05,1.0739463e-05,3.513191e-08
499,0.99990356,4.2613785e-05,4.181117e-05,1.1803181e-05,1.6486052e-07
500,0.9998771,3.6087415e-05,3.7312322e-05,4.928422e-05,1.9061285e-07
501,0.010112003,0.0026791496,0.96882075,0.0037518872,0.0146361245
502,0.0076045315,0.012938033,0.85731727,0.10776303,0.014377105
503,0.99990654,1.8275776e-05,5.9548995e-05,1.5054334e-05,4.273132e-07
504,0.0029531072,0.92964995,0.06681212,0.0005706305,1.4239765e-05
505,1.4287102e-06,8.4998226e-07,3.185946e-06,1.5595691e-05,0.9999789
506,0.999941,1.0752171e-05,3.5013845e-06,4.4618988e-05,1.3999995e-07
507,0.98904455,0.008254655,0.0002688676,0.0018254161,0.0006065633
508,0.0014064364,0.0059289555,0.9756117,0.016546303,0.0005065752
509,2.2577628e-06,4.6127984e-06,0.999992,1.1671216e-06,5.7544614e-10
510,0.9999157,3.362743e-05,3.3692337e-05,1.6889868e-05,3.634444e-08
511,0.9993998,2.71754e-05,0.0005713247,1.7178148e-06,3.763314e-09
512,0.0097335875,0.00031175697,0.0004400717,0.9269803,0.06253433
513,6.1843607e-06,6.480635e-06,1.144098e-05,0.9999708,5.1906372e-06
514,0.008475723,5.9833168e-05,0.0011745372,0.99005055,0.00023938723
515,0.8763549,0.069643706,0.027879378,0.024715152,0.0014069214
516,0.99999726,8.136512e-07,1.1686959e-06,6.977191e-07,2.7006655e-09
517,0.99700695,0.00016577233,0.0009151969,0.001879737,3.2463566e-05
518,0.9999039,3.6956524e-07,8.956535e-05,6.158105e-06,7.508442e-09
519,1.534282e-05,4.1207164e-05,0.9999262,1.5675641e-05,1.538492e-06
520,0.00016142987,2.3714103e-06,0.99977,6.416633e-05,2.0664609e-06
521,0.0006512413,9.8207465e-06,3.8703934e-06,1.5786769e-05,0.9993193
522,0.9994443,8.1907456e-05,0.00040852194,6.43675e-05,7.8367333e-07
523,0.00014100151,0.9996302,0.0001466831,8.027031e-05,1.7158334e-06
524,0.002352658,0.99749774,4.134915e-06,0.00014263918,2.7707208e-06
525,0.8525928,0.13786536,0.0036899443,0.005763523,8.83714e-05
526,1.9135383e-05,2.01073e-06,1.1471439e-07,0.9999783,3.7828084e-07
527,0.00081647746,3.5757143e-06,0.99854386,0.00063061924,5.4255274e-06
528,0.9969029,0.0024595372,0.00010685398,0.00052263716,8.032451e-06
529,0.33784664,0.13131237,0.5097503,0.013990634,0.0071000415
530,0.9999287,6.182682e-05,3.7082082e-06,5.6295917e-06,9.9750594e-08
531,0.99998605,8.604364e-06,1.8884397e-06,3.4400673e-06,4.714166e-09
532,0.00083805836,0.00011944552,0.9989951,2.3585333e-05,2.3783445e-05
533,0.26362583,0.006973149,0.011316292,0.020475207,0.69760954
534,0.99694127,8.5599703e-07,4.955924e-06,0.0030527164,1.69031e-07
535,0.99946135,0.00015236448,0.0002194061,0.00016515142,1.6688891e-06
536,0.036241524,0.9598132,0.0014340227,0.0025069078,4.353381e-06
537,0.99993145,4.2257627e-05,9.670888e-06,1.6370277e-05,1.86009e-07
538,0.99997044,1.2849274e-05,1.01089e-05,6.3530615e-06,2.2148811e-07
539,0.99768186,0.002244796,6.071524e-05,9.26404e-06,3.416087e-06
540,0.0001766108,3.8541715e-05,0.0001705471,0.9996132,1.1712311e-06
541,0.9974981,0.00036418164,0.00039205054,0.0017133653,3.2384578e-05
542,3.6981703e-07,9.206413e-08,3.3481246e-07,7.690525e-07,0.99999845
543,0.25574082,0.07946263,0.63181615,0.025026614,0.007953794
544,0.98148865,0.0007865545,0.016923003,0.0006119795,0.00018972205
545,0.9896784,6.384214e-05,0.0009724443,0.009271008,1.42726185e-05
546,0.07238989,0.9262181,0.0012613874,0.00012273203,7.839848e-06
547,0.9997898,0.00014376309,1.6614984e-05,4.9725426e-05,2.2477177e-07
548,0.9985215,0.0013147221,0.00012750132,3.3155342e-05,3.0921908e-06
549,0.89686626,0.084279865,0.003150465,0.015652448,5.1044026e-05
550,0.00024831342,4.962369e-06,1.1245542e-05,0.99973446,9.894552e-07
551,0.9983246,0.00076527736,2.0323673e-06,0.00090804085,1.4255313e-07
552,0.9965395,0.0032836753,9.924043e-05,7.7189005e-05,4.26912e-07
553,0.0019970874,0.9867487,6.634915e-05,0.011156046,3.1867323e-05
554,0.0024307817,0.00095560617,0.99551857,0.0009283732,0.00016664166
555,0.92955506,0.06395446,0.0006960127,0.0057860096,8.466273e-06
556,0.017570749,1.6179669e-05,0.9820924,0.00031528296,5.434053e-06
557,0.67351025,0.07346437,0.22499254,0.024676347,0.0033564782
558,9.484172e-06,1.0204199e-06,1.4211132e-06,0.99998784,1.6960448e-07
559,0.9733902,0.014578501,0.0099817505,0.001844255,0.00020531774
560,0.002138455,3.3891916e-05,0.99605525,0.001654572,0.00011783962
561,0.21850291,0.11872657,0.21574542,0.220444,0.22658108
562,2.9638644e-05,0.99995625,1.2274565e-05,1.7352678e-06,2.6424997e-08
563,0.9997638,8.9594825e-05,7.232514e-05,7.391838e-05,3.4593273e-07
564,0.9998436,0.000147757,1.8044461e-06,6.858196e-06,2.095263e-08
565,0.0008406238,0.9986683,0.0003386407,0.00015226942,1.4339099e-07
566,0.9999964,2.139409e-06,1.4148507e-06,3.099666e-08,6.4626665e-10
567,0.99995315,9.243173e-06,1.2244748e-05,2.5295747e-05,2.605864e-08
568,0.9370727,0.0009743888,0.05948741,0.002396786,6.87557e-05
569,0.961287,0.008638614,0.019526219,0.008257685,0.0022904854
570,0.9986755,3.3904143e-06,0.00037222038,0.00035545137,0.00059333764
571,0.024016585,0.0010471441,0.9736318,0.0011824573,0.00012194888
572,0.974554,0.0024199977,0.01411954,0.008691892,0.00021457563
573,0.9999858,1.8882465e-06,9.37551e-06,2.9139746e-06,1.371908e-09
574,0.9999306,5.238669e-05,1.7638085e-06,1.5008193e-05,2.4898048e-07
575,0.0009449738,6.0358783e-05,0.9979547,0.001007561,3.238584e-05
576,0.008336984,7.455917e-05,0.9913196,0.00025337876,1.5496718e-05
577,1.3183467e-05,0.00017098586,0.9997888,1.8625797e-05,8.400037e-06
578,0.9995734,0.00013515097,9.02916e-05,0.000112287016,8.8735826e-05
579,0.9999181,2.7212945e-05,6.7987935e-06,4.7524896e-05,3.961828e-07
580,3.2720287e-05,1.9328559e-06,6.644972e-05,0.99989057,8.403232e-06
581,0.07658432,0.058959633,0.0064201476,0.42774022,0.43029562
582,1.2161793e-05,6.586196e-08,0.99990165,8.485876e-05,1.2827815e-06
583,2.7520216e-05,5.040333e-06,5.440977e-06,0.9999615,4.953024e-07
584,0.00040158787,4.0062296e-05,0.9995408,1.4708959e-05,2.7924984e-06
585,0.99997437,8.4038516e-07,1.8907938e-05,5.672349e-06,7.452869e-08
586,0.0066885967,2.3927578e-05,0.0007026435,0.99220484,0.00037993677
587,4.6661466e-05,0.0003100042,0.9996352,7.76258e-06,2.7359192e-07
588,0.0002142863,0.0011526243,0.00900662,0.9895962,3.0231991e-05
589,0.0029733728,5.414204e-07,2.8652299e-05,0.9969944,2.9492053e-06
590,0.99995327,4.035318e-06,5.0625476e-06,3.73595e-05,3.7030037e-07
591,6.266511e-07,3.7999015e-08,0.99994004,5.9275848e-05,3.5540157e-09
592,0.7313607,0.24979052,0.0049897153,0.004566279,0.009292915
593,7.460362e-06,3.7383595e-06,0.0009945228,0.99899215,2.1657515e-06
594,0.0024947678,0.00043881458,0.024906822,0.019683793,0.95247585
595,0.9994221,3.526953e-05,0.0005018601,3.9672716e-05,1.2030165e-06
596,0.9995372,0.00037382613,3.756108e-05,5.121125e-05,2.25135e-07
597,7.421632e-07,3.8870626e-06,0.9999918,3.380116e-06,1.563391e-07
598,1.2881392e-05,2.3282882e-06,7.8117075e-08,0.9999845,1.6913953e-07
599,0.000116335636,0.00028770976,0.00015316243,0.9993444,9.8356475e-05
600,0.997612,7.978657e-05,0.0019987565,0.00026519242,4.4253436e-05
601,0.0007757903,0.00010103152,0.0016108057,0.98370516,0.013807074
602,0.00033069603,3.739357e-05,0.00060836517,9.6882264e-05,0.9989266
603,0.008592472,0.9760967,0.014256607,0.00089610193,0.00015811641
604,0.012856387,0.0006481876,0.7591995,0.22716688,0.00012901479
605,0.9999894,6.6083685e-06,2.5382924e-06,1.4422068e-06,1.697681e-08
606,0.9915142,0.00057513214,0.00593014,0.0019447872,3.5707515e-05
607,0.9999025,2.7447068e-05,4.5236335e-05,2.468831e-05,1.4941394e-07
608,0.9999025,1.6838212e-05,6.6228345e-06,7.400283e-05,1.3619033e-08
609,0.9960616,0.0011994331,0.002623497,0.0001101183,5.1951183e-06
610,0.99998593,5.166388e-06,2.9828304e-06,5.7933357e-06,6.037924e-08
611,0.9870941,5.2573987e-06,0.012434003,0.00041875266,4.7835874e-05
612,0.99780995,0.0001230672,0.00052513654,0.0015202519,2.1694643e-05
613,2.3797926e-05,6.861026e-05,0.9998827,2.4843135e-05,3.0301983e-08
614,0.0008801355,4.1271305e-05,0.99900156,5.1973228e-05,2.5114834e-05
615,5.6660233e-06,7.733092e-05,7.403071e-06,0.9999095,6.030167e-08
616,0.99996746,8.24601e-06,1.7930546e-05,2.5947297e-06,3.7615555e-06
617,0.9999982,1.1882634e-06,2.5516673e-07,3.50321e-07,1.1862903e-09
618,1.861621e-06,8.133979e-08,1.5534279e-06,0.9999964,7.579851e-08
619,0.99808407,0.0013838034,0.0005060048,2.4463905e-05,1.650979e-06
620,7.01447e-07,0.9999958,3.283378e-06,2.8496177e-07,7.810949e-11
621,0.17080955,0.041079912,0.22302897,0.10409385,0.46098772
622,0.9996697,1.0355112e-06,0.00020738381,0.00011786863,4.001222e-06
623,0.0016158959,0.012732122,0.9845446,0.00054281997,0.00056463084
624,1.626809e-05,0.9999677,5.529953e-06,1.0347443e-05,1.433205e-07
625,0.99972135,0.00017275561,9.197584e-05,1.3487449e-05,3.06512e-07
626,4.6438934e-05,1.8418962e-06,3.036391e-06,0.9999473,1.372259e-06
627,0.28101084,0.10634622,0.032387655,0.43897018,0.14128514
628,0.9781003,0.0017487622,0.0015908605,0.01850486,5.5165354e-05
629,8.449758e-06,1.4497637e-06,1.45046e-05,0.000112046364,0.9998635
630,0.97505516,0.024547076,0.00030996554,8.4361614e-05,3.385017e-06
631,0.00012064573,0.99948657,5.727241e-06,0.00038530002,1.7420484e-06
632,0.9960121,8.966797e-05,0.0034396164,0.0004554873,3.1676416e-06
633,0.3825792,0.16618556,0.23018172,0.17724569,0.043807782
634,0.0068983017,0.00071143935,0.0007515003,0.00025551202,0.99138325
635,0.9998429,0.0001377733,1.3938863e-05,5.38587e-06,1.4587747e-08
636,0.99995244,7.363593e-07,8.8039415e-06,3.7476046e-05,4.2144652e-07
637,0.02046607,0.0055797165,0.014049235,0.95853615,0.001368859
638,3.826062e-07,6.646159e-09,4.6757273e-06,0.999995,1.2342228e-09
639,4.243187e-05,2.2088432e-06,0.9999523,2.7861772e-06,2.0434469e-07
640,0.9999883,7.779138e-06,5.4277746e-07,3.2756845e-06,4.4087956e-09
641,0.99997854,7.4093805e-06,1.242857e-05,1.2462866e-06,3.7477773e-07
642,0.99997294,2.43097e-05,2.657751e-06,1.6822047e-07,9.596379e-09
643,0.9920643,0.0010260992,0.0068856506,2.3245575e-05,7.201682e-07
644,3.573483e-05,0.9999275,3.1138974e-05,5.656196e-06,1.10023e-09
645,0.16347879,0.059443776,0.5273802,0.24242748,0.0072697657
646,0.9985159,0.00071664195,0.00071413507,5.3123607e-05,1.4941804e-07
647,0.0003529818,6.982577e-05,0.99757034,0.0019459294,6.0872757e-05
648,0.91935694,0.07472464,0.0054741483,0.0003657559,7.860166e-05
649,0.93991333,0.004341709,0.0061077215,0.049114425,0.00052283955
650,0.07194094,0.0023392139,0.0011601121,0.9243053,0.00025434484
651,0.06423936,0.0004963493,0.015991181,0.1046809,0.81459224
652,0.99961746,9.2882254e-07,0.00036550048,2.6785585e-06,1.3516356e-05
653,0.00042114573,0.00010411996,6.328483e-05,0.9994049,6.529323e-06
654,0.0081322165,0.00895537,0.9816452,0.0007126296,0.00055466994
655,0.99962926,7.379018e-05,0.00027277422,2.0491889e-05,3.6631263e-06
656,1.7094888e-05,1.5118974e-06,0.99953306,0.00043482453,1.3536473e-05
657,0.9804386,0.0037753482,0.007787844,0.0077339886,0.00026412352
658,0.9999143,7.4618285e-05,1.0516959e-05,5.3703616e-07,1.445815e-08
659,0.9988674,0.0007097665,0.00030925218,0.00010814141,5.5080027e-06
660,2.8525492e-06,1.4059358e-06,0.99999547,2.357194e-07,3.2056016e-10
661,0.16790907,0.8019778,0.006421138,0.023534613,0.0001572495
662,0.03295222,0.0004250172,0.96659887,1.8542612e-05,5.3632193e-06
663,0.0007084872,2.6680407e-06,5.136688e-05,2.745127e-05,0.99921
664,0.9987954,0.0011166318,7.425468e-05,1.2702605e-05,8.9488316e-07
665,0.3260702,0.02210273,0.64315504,0.008200953,0.00047111788
666,0.0023254808,0.006448436,0.059856877,0.93134815,2.101983e-05
667,0.0005766554,0.00064357964,0.99872345,5.2022326e-05,4.178626e-06
668,0.898269,0.029652186,0.06852186,0.0017697937,0.0017871546
669,0.45289767,0.025649017,0.2700123,0.24837118,0.003069844
670,4.6121764e-05,0.99995005,8.463127e-08,3.6743309e-06,6.444565e-11
671,0.00032337522,5.6502936e-06,1.2900188e-06,0.99966455,5.194969e-06
672,7.810349e-06,5.9065123e-06,0.9999813,4.9307196e-06,9.618833e-09
673,0.999038,0.00017362241,8.5861335e-05,0.0006623971,4.0134848e-05
674,0.00045977326,1.6291286e-05,0.99836975,0.0011500384,4.143154e-06
675,5.6190634e-06,5.3711233e-06,0.9999888,1.7986727e-07,8.367126e-10
676,0.22129026,0.006556525,0.6900507,0.08138909,0.00071338424
677,0.99158806,0.0041290545,0.0038168689,0.00039965645,6.6267006e-05
678,4.0486317e-05,1.979249e-06,0.9999565,7.8356214e-07,2.6302672e-07
679,0.57546186,0.1824374,0.024157455,0.13549808,0.082445174
680,8.3485276e-08,0.9999999,7.271178e-09,3.4640713e-08,7.3957317e-13
681,0.99981445,1.9160512e-05,8.896333e-05,6.8647656e-05,8.765539e-06
682,0.99951696,0.00017105059,0.00028474047,1.8511715e-05,8.67323e-06
683,0.7170822,0.040912747,0.03400392,0.19271997,0.015281186
684,5.9840227e-06,3.7025013e-06,1.1728255e-05,0.9999783,3.1550235e-07
685,0.9992755,4.9964554e-05,0.00067234243,1.2335532e-06,9.121763e-07
686,0.19857773,0.03474504,0.6458742,0.10685651,0.013946504
687,0.99999595,2.2963006e-06,1.1534693e-06,5.154788e-07,1.5068333e-09
688,0.35525084,0.00032461452,0.4231088,0.22125846,5.7318717e-05
689,0.00039778952,0.00027173094,8.9256e-06,0.9993212,3.2158354e-07
690,0.9960602,3.0633902e-05,0.0038199094,8.628843e-05,2.9331443e-06
691,0.7310729,0.13788839,0.12647474,0.0040575163,0.0005065128
692,0.0006976911,0.9992306,2.7531276e-05,4.4221244e-05,1.3416295e-08
693,0.99999046,5.795094e-07,1.1214674e-06,7.673868e-06,2.0572419e-07
694,0.011408405,0.0032808736,0.979417,0.003053334,0.0028403155
695,1.7882663e-05,0.9999819,2.5011826e-07,5.1828152e-08,2.7702627e-09
696,0.7072502,0.09109688,0.12847726,0.06311033,0.010065332
697,0.99988127,9.949017e-05,1.302857e-05,5.8155515e-06,4.5098568e-07
698,1.6558182e-05,3.8904236e-06,1.9867705e-06,3.6158826e-06,0.9999739
699,0.9971879,0.0026739922,0.00010162099,3.6387344e-05,1.5832713e-07
700,0.99969196,6.136187e-05,0.00021314355,3.252769e-05,9.695926e-07
701,0.006782671,9.392862e-05,0.0011104299,0.99140877,0.0006041815
702,0.7044042,0.09328649,0.077372305,0.11051711,0.014419937
703,1.1973319e-07,3.185377e-08,1.6202586e-07,1.1267743e-07,0.99999964
704,1.0260844e-05,4.3002171e-07,2.5409142e-06,0.99998605,6.126664e-07
705,2.2935345e-05,2.2293133e-07,0.99994886,1.6045951e-05,1.2043425e-05
706,0.0122259455,0.00012309631,0.9873481,0.0002997867,3.0787003e-06
707,0.0033164765,0.024338566,0.9720523,0.00025858107,3.412517e-05
708,0.92454374,0.03144027,0.015590556,0.026006432,0.0024189895
709,2.604159e-05,3.5723312e-07,1.7971387e-06,1.576252e-05,0.99995613
710,1.9155446e-05,0.99997437,5.849356e-06,5.839917e-07,7.242624e-11
711,0.9999392,9.411434e-06,2.7215336e-05,2.3059212e-05,1.1982389e-06
712,0.0005086016,3.7058194e-06,0.001363209,0.997426,0.000698558
713,2.0694326e-05,0.9999716,5.252085e-07,7.191676e-06,1.8075282e-09
714,9.858047e-07,0.99999595,2.7761985e-06,2.6335059e-07,6.822181e-11
715,0.8556624,0.09604861,0.04204761,0.0055444753,0.00069687294
716,3.213949e-06,8.040889e-07,6.952462e-07,0.99999523,8.788642e-09
717,0.039960183,0.0014351645,0.93231857,0.025583342,0.00070279883
718,0.999881,7.2582284e-06,0.00010645625,5.2096307e-06,2.8568722e-08
719,0.00016814546,4.742014e-05,9.605363e-06,0.99976856,6.2570143e-06
720,0.99992776,1.6827884e-05,2.359828e-05,1.5078864e-05,1.6669688e-05
721,0.98025894,0.0067775687,0.005036075,0.007534374,0.0003931317
722,0.00014641065,0.00021384246,0.9995448,9.415598e-05,7.773044e-07
723,0.99969876,0.0002872239,5.046833e-06,8.644573e-06,3.096009e-07
724,2.0627742e-06,0.99999774,8.4759854e-08,9.5598644e-08,1.4765522e-10
725,0.99931705,0.00015496244,0.00015205014,0.00036285326,1.3131056e-05
726,9.5817035e-05,9.222486e-05,0.99973565,7.3169984e-05,3.1371296e-06
727,2.7744395e-06,0.9999707,2.3448234e-08,2.653793e-05,1.0306267e-09
728,7.363828e-06,9.303993e-08,8.767459e-08,0.9999924,4.2730075e-08
729,0.009595786,7.791489e-06,0.00035479767,0.989911,0.00013064357
730,9.35789e-05,0.9990926,0.00057337637,0.0002402213,2.4313695e-07
731,0.9973929,8.282796e-05,0.00036457615,0.0021371238,2.2531307e-05
732,0.99859565,4.7265916e-05,0.0013408059,1.5455056e-05,8.227385e-07
733,0.9999745,1.7385162e-06,2.1997485e-05,1.7758072e-06,4.65903e-09
734,0.9996884,0.0002963863,9.489726e-06,4.8420225e-06,8.852921e-07
735,0.018644158,0.12384907,0.012623932,0.8305351,0.014347739
736,0.003789311,3.1912314e-05,0.0009826273,0.9951874,8.734115e-06
737,1.2077215e-06,1.1365885e-06,7.840465e-06,0.9999883,1.488085e-06
738,8.7843e-05,2.094738e-05,0.99988806,2.9546188e-06,1.0508923e-07
739,0.0031202277,9.492309e-05,0.9966486,5.0277537e-05,8.591811e-05
740,0.08540431,0.02097597,0.88032556,0.008546525,0.00474768
741,3.596983e-06,7.1219645e-08,7.9523005e-07,3.5778412e-06,0.9999919
742,0.163785,0.8350968,0.0009964643,5.0608196e-05,7.119586e-05
743,0.00021948128,9.407024e-05,0.9996704,1.1948437e-05,4.0475143e-06
744,0.9958984,0.0002729213,0.0021488585,0.0014805335,0.00019926544
745,0.0026324776,4.698626e-05,0.002671206,0.00080054946,0.99384874
746,0.99709034,0.0024695196,0.0004303845,6.8943327e-06,2.8610393e-06
747,0.027214177,0.9704624,0.0003127228,0.00200804,2.7106341e-06
748,0.8661269,0.00659005,0.079469815,0.04687055,0.00094270584
749,8.393554e-06,3.440241e-07,3.2883414e-05,0.9999552,3.1670163e-06
750,0.9985259,0.0005540173,0.0008146843,9.845049e-05,6.9651546e-06
751,0.9997968,0.00010603442,2.2432516e-05,7.440175e-05,3.128858e-07
752,0.083894454,0.88828367,0.02301778,0.0039036332,0.000900466
753,0.9977475,6.1130246e-05,0.0015012621,0.000665585,2.4559287e-05
754,3.262987e-05,7.75817e-08,0.99996257,4.664419e-06,6.032684e-08
755,0.99962115,0.00016863193,0.0001968931,1.3129443e-05,1.8841507e-07
756,0.00030053194,0.000112154376,0.00012335475,5.007041e-05,0.99941385
757,0.92385906,0.045797635,0.023459164,0.0064648255,0.00041940017
758,0.9951858,0.003319056,0.00011442157,0.0013780735,2.6832904e-06
759,1.6122799e-06,1.2933529e-06,0.9999969,9.5625e-08,7.8804413e-10
760,0.9717672,0.017955333,0.0059122667,0.0016879084,0.0026773007
761,0.00067520584,0.9993181,2.8439454e-06,3.4926788e-06,3.8628127e-07
762,0.99999523,3.406752e-06,4.939912e-07,8.479728e-07,1.0515078e-08
763,0.0022203051,0.00055593846,0.9954984,0.0016082517,0.0001170475
764,0.003738026,0.004693962,0.0072819986,0.0055056703,0.97878027
765,0.21304259,0.7734772,0.008394321,0.001606536,0.0034794228
766,0.0001322034,4.0779935e-07,3.9559513e-05,0.99982786,2.8056215e-08
767,0.0014875222,0.0012874916,0.0003899063,0.996709,0.00012605939
768,0.9999956,1.9770542e-07,1.1179803e-06,3.0549036e-06,1.2338342e-07
769,0.032492444,0.04658318,0.403704,0.34443408,0.17278627
770,9.7167394e-08,8.72846e-07,3.2541026e-05,0.9999665,2.6500626e-08
771,0.9944423,0.00010902798,0.005340285,9.444723e-05,1.4047701e-05
772,0.00054042635,0.9985531,8.966512e-05,0.0008162658,6.075313e-07
773,0.6989483,0.07084285,0.16020668,0.054593395,0.0154087255
774,0.9981172,0.0017730695,1.030084e-05,9.9197074e-05,2.6911366e-07
775,2.6615313e-08,0.99999714,2.7002374e-09,2.8515421e-06,2.7450928e-10
776,0.9764117,0.0011082045,0.007600938,0.013308828,0.0015703577
777,0.00044368755,3.01761e-08,9.936105e-07,1.5913536e-06,0.9995536
778,7.1485025e-05,0.9999131,7.4147347e-06,4.2953684e-06,3.6722472e-06
779,0.00022268975,0.9997682,3.6657568e-06,5.4607485e-06,8.01206e-09
780,5.5277764e-05,0.99993026,1.2303051e-05,2.0980183e-06,3.799261e-09
781,0.00015179269,5.3781114e-06,4.159574e-06,0.9998385,2.0805545e-07
782,0.999908,8.525295e-05,2.3002583e-06,4.4140684e-06,1.3102921e-07
783,0.15550324,0.09423438,0.73322403,0.007959796,0.009078594
784,5.1390776e-05,1.95208e-06,0.99992466,3.2301516e-06,1.8850555e-05
785,3.3322108e-06,5.1471653e-07,1.4165238e-05,1.9504687e-06,0.99998
786,0.00016555095,4.5277116e-05,0.0009912467,9.5289484e-05,0.9987025
787,0.00025415124,0.6253638,0.37436458,1.6997277e-05,4.3629953e-07
788,0.0042803586,0.0004357837,4.0778665e-05,0.99524176,1.3139256e-06
789,0.021181557,0.92823356,0.0012733674,0.0493105,9.379856e-07
790,0.012491031,0.9874978,2.8983425e-06,8.285874e-06,2.9904168e-08
791,0.99432397,7.73164e-05,0.0054849787,0.00010999908,3.8086857e-06
792,0.00018926179,0.0004584742,0.0001735762,0.999178,6.824225e-07
793,0.9130045,0.010316193,0.06900616,0.007531982,0.00014110269
794,0.00023416309,3.4901548e-06,0.0026847357,0.9970771,6.1920304e-07
795,7.733051e-06,0.99998665,3.8934577e-06,1.6844037e-06,4.4395123e-09
796,0.00022350413,0.999522,0.00025034355,4.1180783e-06,6.601841e-08
797,0.9971885,0.00044585695,0.001915557,0.00044011424,9.985582e-06
798,7.5877983e-07,0.99999666,1.9762494e-07,2.3724774e-06,2.4650257e-09
799,3.2926277e-05,6.1477926e-06,0.000198455,8.394872e-05,0.9996786
800,0.9470742,0.036903925,0.015244554,0.0007499211,2.7417238e-05
801,0.22805074,0.009224197,0.71518135,0.04730248,0.00024124862
802,0.92813456,0.012521461,0.027273562,0.024480684,0.007589882
803,0.9902108,0.00052758097,0.0004611537,0.008789776,1.0699661e-05
804,0.99648905,0.0015102242,0.0019720916,2.0969335e-05,7.688694e-06
805,0.99999213,2.0000095e-06,2.4443198e-06,3.2017965e-06,7.5309956e-08
806,0.99915254,0.00010126728,0.0007263702,1.6285829e-05,3.6160388e-06
807,0.99451435,0.002620256,0.002390145,0.00045417147,2.1083712e-05
808,0.99862194,0.00081209565,0.0003354407,0.00022916765,1.31826e-06
809,0.99866545,0.0010935287,0.00020763317,3.242662e-05,8.958315e-07
810,0.00034823813,5.7474936e-06,0.0001269274,0.99951756,1.5254343e-06
811,1.2381705e-05,8.731359e-07,6.972302e-05,0.9996101,0.00030694166
812,2.2064785e-06,9.256837e-06,0.99998844,5.3663946e-08,7.677467e-08
813,0.034100287,0.09973093,0.014484943,0.20165278,0.6500311
814,0.9991986,0.00061830215,7.938714e-05,0.00010238932,1.39819e-06
815,0.99998367,4.80145e-06,1.1141051e-05,4.923897e-07,1.6354052e-08
816,0.9969426,0.00014817104,0.0023431983,0.00056125846,4.850948e-06
817,3.2923613e-06,4.792494e-05,6.9891184e-06,0.99991953,2.2300073e-05
818,3.105862e-07,9.806489e-08,9.1509764e-07,7.9020293e-07,0.99999785
819,0.99366957,0.0014692396,0.003127149,0.0017329184,1.0368724e-06
820,2.2692664e-06,8.251539e-06,0.99998915,1.4740233e-07,1.9604421e-07
821,0.0002945618,3.140068e-06,0.0038693713,0.9958054,2.7567914e-05
822,1.1454095e-05,8.856818e-07,0.9997451,0.00024230692,1.7522933e-07
823,0.0004901756,5.8105798e-06,0.000313289,0.99916184,2.8852633e-05
824,0.9998692,1.6840351e-05,9.60946e-05,5.3010176e-06,1.2525659e-05
825,0.999959,1.0056698e-05,2.6721615e-05,3.7330487e-06,4.803092e-07
826,0.9998927,9.686413e-05,1.1330203e-06,9.2529945e-06,2.7719975e-09
827,0.9979206,0.00030802202,0.0017641797,7.164172e-06,8.794451e-08
828,0.00040888484,0.9994216,0.00016911243,3.414701e-07,1.6975585e-08
829,0.9849604,0.0044388357,0.0066865482,0.0019578375,0.001956375
830,7.9043474e-07,6.3762805e-08,5.907771e-07,0.99999845,2.2690188e-08
831,0.99999857,1.1984633e-08,1.437083e-07,1.2415804e-06,1.3690669e-11
832,0.99884015,0.000991281,7.5122945e-05,9.070566e-05,2.7113585e-06
833,0.9830111,0.00096738094,0.008343005,0.00763982,3.8634655e-05
834,4.108067e-06,4.5911474e-06,2.8336565e-06,0.99998605,2.4102428e-06
835,1.107574e-05,6.264529e-06,6.0429347e-06,2.5344889e-05,0.99995124
836,0.9999907,5.0974086e-07,7.58529e-06,1.1361903e-06,2.2283286e-09
837,0.99997103,2.0353224e-05,3.7866669e-06,4.706771e-06,1.300805e-07
838,0.99995196,3.227399e-05,8.118638e-06,6.413117e-06,1.1610146e-06
839,3.2715503e-05,2.076584e-06,1.3579086e-05,0.99995136,2.8636106e-07
840,0.03521626,0.5283671,0.0662326,0.36575806,0.0044259382
841,0.00026554993,0.00011876093,0.9996117,3.2648868e-06,7.932661e-07
842,0.9996855,0.00024993028,2.6632191e-05,3.6889087e-05,1.031708e-06
843,0.02904103,0.0036172883,0.045985818,0.9122215,0.009134341
844,1.7835625e-07,5.9449694e-09,7.183778e-08,5.3401476e-07,0.99999917
845,0.9972479,0.0011848231,0.0001428452,0.0013943032,3.0017976e-05
846,4.145603e-05,0.99995553,1.3007209e-06,1.5162626e-06,2.105836e-07
847,0.0028479998,0.0005727721,0.00050978834,0.00016618604,0.9959033
848,4.9088467e-06,6.2975523e-09,1.1164451e-06,0.9999938,1.883987e-07
849,4.232622e-05,0.99995697,4.982479e-07,2.3587516e-07,3.3730088e-09
850,2.0988932e-06,1.9329818e-07,0.99999726,3.506218e-07,7.758595e-10
851,0.99991906,3.423318e-05,9.546786e-06,3.719309e-05,2.0413795e-08
852,4.0069668e-07,0.9999995,1.4108625e-08,1.3487868e-07,1.562996e-09
853,0.00055224565,0.004326921,0.9948019,0.0003179294,1.1332986e-06
854,0.999992,4.068204e-06,7.8880987e-07,2.7908884e-06,2.8542985e-07
855,6.496018e-07,0.9999981,1.0283472e-06,1.8784817e-07,1.4418052e-08
856,8.250163e-05,6.5751856e-06,0.99981433,9.2250666e-05,4.3732894e-06
857,0.99860173,0.00096480764,0.0004317729,1.6276983e-06,8.9403365e-08
858,0.0004009981,4.098218e-05,0.0006790854,0.9945142,0.0043646633
859,0.99903595,0.00061874354,7.953061e-05,0.00024275633,2.2959315e-05
860,0.9989994,2.727078e-05,0.00061233604,0.00036001875,9.776095e-07
861,0.00023623761,4.648792e-05,0.00372002,0.0012664264,0.99473083
862,4.856216e-06,9.8425035e-06,4.3378277e-05,0.9999404,1.4760932e-06
863,5.0878425e-05,1.6871026e-06,1.6792475e-07,0.9999472,5.2583687e-08
864,5.2885145e-05,0.9999373,5.0891535e-06,4.743988e-06,1.6149913e-09
865,4.237981e-05,5.034155e-06,0.00040372976,0.9994734,7.5505886e-05
866,0.00039271466,2.390954e-05,0.979325,0.0035100535,0.016748276
867,0.99997056,2.772687e-05,1.5600612e-06,1.5574454e-07,3.98341e-08
868,1.0259199e-05,5.045194e-06,1.5043468e-06,0.9999832,2.0811322e-08
869,0.0003689002,0.000637912,0.00017568967,0.9984315,0.00038597855
870,0.99971884,8.6211476e-05,0.00018891833,5.5299793e-06,4.86942e-07
871,0.00021474513,1.7971031e-05,0.9997584,8.68492e-06,1.0216827e-07
872,0.99348867,0.0054747527,0.00080375135,0.00020803857,2.4801686e-05
873,0.9999796,1.9899344e-05,4.1542395e-07,7.781704e-08,1.1545526e-09
874,1.1083723e-06,6.286334e-07,0.999998,6.1131e-08,2.386417e-07
875,0.0828639,0.004436011,0.07953927,0.8305457,0.0026150856
876,0.27456602,0.00022310822,0.00018650903,0.03661823,0.68840605
877,5.316678e-05,0.00037177757,4.4166056e-05,0.99953043,4.3503513e-07
878,1.1866275e-05,8.3410405e-06,0.99997807,1.4685174e-06,2.4094226e-07
879,0.9999708,7.2854664e-07,2.561257e-05,2.8026395e-06,1.25265895e-08
880,0.9997009,1.1408402e-05,0.00025582625,2.9555382e-05,2.2950846e-06
881,1.1841468e-05,7.431621e-05,1.3752322e-05,0.9998976,2.4966953e-06
882,0.0042471862,0.010954776,0.98258454,0.0017209767,0.00049252127
883,0.998251,2.5224322e-06,0.0017394869,6.477293e-06,4.5924114e-07
884,0.9999777,2.0688434e-05,1.0823229e-06,4.87233e-07,3.082056e-09
885,0.00019586491,6.065433e-06,0.0016898069,0.9981026,5.691951e-06
886,0.9997851,4.0722814e-05,0.00012818653,4.4692646e-05,1.2283464e-06
887,0.8191912,0.08168818,0.09240479,0.0037219326,0.002993933
888,0.9999591,3.8049657e-05,2.7590986e-06,1.3627957e-07,5.119684e-10
889,0.9947442,0.00027720013,0.0042843805,0.00067835033,1.5853959e-05
890,0.03358839,0.012224502,0.04884968,0.06398133,0.8413561
891,0.9999485,1.8552942e-05,3.1145624e-05,1.8138785e-06,1.4983055e-08
892,0.9995309,7.678094e-05,0.00039089774,1.3691848e-06,1.2566944e-08
893,0.002118978,0.0014659287,0.99610174,0.00028964074,2.3759882e-05
894,0.0012573326,0.99170965,5.7146146e-05,0.0069740554,1.7449051e-06
895,0.9977843,1.259049e-05,0.00053450215,0.0016682473,2.978573e-07
896,0.9837065,0.0024824457,0.00035654078,0.0134378215,1.6823535e-05
897,0.008897768,0.0018473581,0.0021984992,0.9869053,0.00015119035
898,0.10101676,0.11079277,0.6375597,0.14988019,0.0007506069
899,0.99997795,1.6316439e-05,1.4968258e-06,4.02273e-06,1.5365622e-07
900,0.9999981,8.327342e-07,7.610333e-07,3.2777865e-07,1.4968164e-09
901,0.9961935,0.00081249967,0.0008411995,0.0019039086,0.00024886662
902,0.00074899534,4.4629533e-06,0.9991854,5.1936808e-05,9.148282e-06
903,0.9999896,1.4534158e-06,3.315914e-06,5.56952e-06,1.3490969e-08
904,9.384719e-06,0.99996436,1.1705809e-07,2.446245e-05,1.6449072e-06
905,0.9976071,0.0011464399,0.00028760344,0.00036531824,0.00059358455
906,0.9965791,0.00138886,0.00016133106,0.0015792504,0.00029144355
907,0.99891376,0.0008003966,3.8817747e-05,0.00024682924,2.8970103e-07
908,0.00022470726,4.3747167e-07,0.9995671,0.00020493574,2.7073092e-06
909,0.9575912,0.023189444,0.0012069375,0.017980289,3.208966e-05
910,0.9953556,0.004608378,8.839759e-06,2.6550597e-05,6.692647e-07
911,0.99998605,1.6894818e-06,1.2041564e-05,2.6877268e-07,1.461309e-08
912,0.99963665,0.00032269218,3.7573842e-05,2.410205e-06,7.722345e-07
913,0.009966792,0.020352192,0.0014255097,0.9679757,0.00027982442
914,0.9999919,1.3133127e-06,1.4953314e-06,5.068318e-06,6.949916e-08
915,0.9986229,1.4043052e-05,3.1164196e-05,0.001331746,8.810533e-08
916,0.9990313,1.8867167e-05,0.0009435722,6.062277e-06,2.7063106e-07
917,0.9970368,0.00013124998,0.0021702624,0.00064481236,1.6851665e-05
918,9.810776e-06,2.0851567e-06,7.760563e-06,0.99998,4.022249e-07
919,0.9996176,1.6021939e-05,0.00035741902,8.536188e-06,5.359079e-07
920,0.99954957,0.00015402815,0.00014018113,0.00012884037,2.737097e-05
921,9.800896e-06,9.1686286e-07,4.813446e-06,0.99998426,1.7047711e-07
922,4.8904855e-07,3.986513e-06,4.075807e-06,0.99999106,4.21774e-07
923,0.9999267,1.5175062e-06,1.8609011e-05,5.3229825e-05,5.955039e-08
924,0.9152637,0.019708298,0.060952514,0.0032355885,0.00083986786
925,0.9376445,0.0029126066,0.0020229914,0.055348333,0.002071541
926,2.4672108e-05,8.1799976e-07,3.5516012e-05,0.99993837,5.9553724e-07
927,0.99691796,0.0023563963,0.0006404076,7.735822e-05,7.859746e-06
928,0.91941416,0.061632343,0.012084208,0.0068671145,2.0731884e-06
929,5.9029964e-05,3.754077e-05,0.9998965,1.4372647e-06,5.39708e-06
930,0.28265712,0.40508574,0.2652454,0.042845197,0.0041665747
931,0.6400258,0.0065298653,0.0059032403,0.34742728,0.0001138441
932,0.007881268,1.928233e-05,2.1816824e-05,0.99196434,0.000113254864
933,1.4089022e-06,0.99999464,3.852498e-06,1.13083026e-07,2.9544334e-09
934,0.9845803,0.007887267,0.00032876318,0.0064323363,0.0007713167
935,0.0006024028,0.9993316,6.4938895e-06,5.9416474e-05,9.6617775e-08
936,0.00013493537,0.99982786,3.5762638e-05,1.4242544e-06,1.7146911e-09
937,6.170786e-06,2.5458291e-07,0.9999907,2.38758e-06,4.571846e-07
938,0.049560763,0.0050785574,0.8266205,0.11770353,0.0010366418
939,2.7040744e-06,8.8767e-06,2.3549285e-06,0.99998605,1.1343222e-07
940,0.97756964,0.0005987497,0.020273114,0.0014551423,0.00010334196
941,0.06310074,0.40718725,0.10105669,0.38459435,0.04406098
942,0.0021970263,0.0006856137,0.05411327,0.9429245,7.961632e-05
943,0.000649897,0.9993243,2.1954165e-05,2.3118125e-06,1.6078278e-06
944,0.9891076,0.0037614699,0.00059334515,0.00546764,0.0010699157
945,0.1862888,0.098755755,0.7019879,0.008991887,0.003975669
946,0.00539814,0.00013748987,0.6945496,0.29872677,0.0011879884
947,2.7650078e-05,0.9999628,4.4105823e-06,4.75993e-06,3.1633198e-07
948,0.9998703,7.000108e-06,7.113283e-07,0.000122004494,3.0627117e-08
949,0.00039075848,0.00019923493,0.9993067,9.888273e-05,4.3917103e-06
950,0.9982054,0.0003573811,7.764047e-06,0.0014290235,4.918746e-07
951,0.052608125,0.4888231,0.15314043,0.3040093,0.0014190847
952,0.17936416,0.20452672,0.44613203,0.13376689,0.036210295
953,0.82143635,0.09391803,0.050153367,0.031345308,0.0031470286
954,0.9919938,0.0018382373,0.006067256,7.31165e-05,2.7568325e-05
955,0.00039012966,8.392695e-05,0.0002460644,0.99908876,0.00019112774
956,6.949261e-07,0.9999993,1.3655428e-10,2.933441e-09,1.8197716e-10
957,0.9999635,4.623413e-06,1.04083665e-05,1.7634049e-05,3.7891234e-06
958,2.3712828e-05,0.99995303,3.6891026e-06,1.9556937e-05,3.0819873e-08
959,1.0857694e-05,0.99998164,2.2376519e-06,5.0202184e-06,2.4124085e-07
960,0.11681154,0.8762638,0.0054882164,0.0013784084,5.8004112e-05
961,0.9999739,1.9341407e-07,1.088917e-06,2.4636869e-05,2.3059131e-07
962,0.9970745,0.0001050284,0.002791366,3.0290857e-06,2.610579e-05
963,0.018769804,0.005495098,0.030718211,0.086647205,0.85836965
964,0.99578637,0.0015260272,0.0025607783,0.00010398902,2.2963248e-05
965,0.0014682561,0.0030800444,0.9926825,0.00075523223,0.0020139678
966,1.0455562e-05,0.9999825,6.6139214e-06,4.1325146e-07,1.15051435e-07
967,4.0822288e-06,0.9999813,1.3109545e-05,1.5330653e-06,1.738089e-11
968,0.001331307,0.00023280655,0.99557364,0.0018598752,0.0010023303
969,0.9998752,6.543226e-06,4.718173e-05,7.096305e-05,1.503561e-07
970,0.7527829,0.0022556686,0.0010491955,0.24310645,0.0008057575
971,0.9999887,2.850009e-06,2.8938825e-08,8.426182e-06,2.677475e-09
972,0.9999821,6.8349425e-07,1.69791e-06,1.4672838e-05,8.15665e-07
973,7.213618e-05,8.07109e-07,4.938937e-05,3.6611384e-06,0.9998741
974,0.99872714,0.00027233525,0.0002442355,0.00073772506,1.8538925e-05
975,0.98877895,0.00051425304,0.01005606,0.00065016863,4.400519e-07
976,0.0052614994,0.005872483,0.15092574,0.643564,0.19437625
977,4.3965256e-06,0.9999932,1.6602951e-07,2.2580045e-06,1.5498477e-08
978,0.001651288,0.0025877806,0.019436888,0.9761955,0.00012852703
979,0.9999417,3.7500347e-05,1.8695911e-06,1.8841743e-05,3.1990865e-08
980,0.9996339,8.024079e-06,0.00035398465,3.7351215e-06,2.534233e-07
981,0.9997167,0.00014832553,8.04013e-05,5.438829e-05,9.9004886e-08
982,0.0006366538,1.2835206e-05,0.023808073,0.9753293,0.00021321989
983,0.87339276,0.004955856,0.00089885347,0.008471278,0.11228127
984,0.998769,3.7687267e-05,0.0011591697,1.7928023e-05,1.623265e-05
985,0.99777406,0.00022135422,0.00079887523,0.0011971763,8.599762e-06
986,0.99998736,1.1039569e-05,1.3014186e-06,3.3228147e-07,2.2789171e-08
987,2.5238456e-05,0.99994016,2.6410464e-06,3.192117e-05,5.312728e-09
988,5.62729e-05,5.772055e-05,4.747157e-05,0.99983585,2.7194662e-06
989,0.9998379,4.415336e-05,0.0001104558,7.318985e-06,1.0888472e-07
990,2.2723641e-05,1.0863507e-06,5.5831028e-05,2.8453273e-05,0.9998919
991,5.505851e-05,2.675601e-06,4.839903e-05,0.99989367,2.8746305e-07
992,0.0027296364,0.008200981,0.00036454186,0.98868716,1.7688455e-05
993,0.99987626,0.00010435251,1.3564993e-05,4.5007578e-06,1.3109786e-06
994,0.99616015,0.0031143678,0.00029336824,0.00043005188,2.1629119e-06
995,0.0070849233,0.034527063,0.9567485,0.0010792406,0.0005602477
996,1.0700303e-05,1.2299605e-08,0.9999796,9.696474e-06,3.39122e-08
997,0.99727625,0.0004270511,0.002286327,1.0336061e-05,8.796839e-08
998,0.00020524861,1.5229815e-06,0.9934162,0.00637607,9.665042e-07
999,1.0097891e-05,0.00015060681,6.526168e-05,0.9997658,8.1800645e-06
1000,0.0034588063,0.00074822374,0.00065533747,0.995096,4.1593958e-05
1001,0.9998311,7.068193e-05,4.83347e-05,4.925113e-05,5.8042247e-07
1002,0.0041073635,0.004477629,0.118521646,0.86913925,0.0037541408
1003,0.5924543,0.33551106,0.021158285,0.048960414,0.0019159497
1004,1.0993708e-05,7.734707e-06,2.3682371e-06,4.7936046e-05,0.999931
1005,0.21479002,0.040304758,0.112806715,0.61727357,0.014824938
1006,0.853126,0.042005528,0.09055532,0.01411271,0.00020041206
1007,2.0977328e-05,1.958977e-05,0.99995685,2.6218722e-06,3.1841775e-08
1008,0.03766593,0.025955081,0.9195294,0.016594835,0.00025476137
1009,0.017322704,0.004639522,0.033434074,0.06988892,0.87471473
1010,0.020701641,0.013441653,0.03582589,0.9158656,0.014165189
1011,0.9998411,6.831054e-05,2.0460238e-05,2.1860027e-05,4.8179816e-05
1012,0.9934581,0.002907936,0.00062168686,0.0027319184,0.0002804777
1013,0.9929502,0.001818552,0.0030447608,0.0013148738,0.0008715777
1014,0.99993944,4.004673e-06,3.6911377e-05,1.9545038e-05,1.47578065e-08
1015,5.17675e-06,0.99997175,2.1563543e-05,1.5652938e-06,2.341521e-10
1016,0.9998167,0.0001822072,8.949588e-07,1.2799518e-07,1.01708295e-08
1017,0.012908818,0.012905624,0.0002551219,0.9736572,0.0002732041
1018,3.3726863e-07,2.223288e-09,5.063048e-08,0.99999964,2.6993845e-09
1019,2.1794298e-05,1.718111e-07,8.838555e-06,0.9999691,8.1438316e-08
1020,0.0011778108,0.9956251,0.00027756338,0.0029180527,1.4912825e-06
1021,1.5206042e-06,2.7104288e-06,0.9999957,8.215472e-08,1.8310875e-10
1022,0.8420565,0.006704758,0.05097099,0.07545135,0.024816396
1023,0.99640214,1.5076417e-06,0.0016034972,0.001989561,3.235928e-06
1024,0.9987779,0.0010064726,0.00015787587,5.441832e-05,3.389139e-06
1025,0.9993383,5.67491e-05,8.10535e-06,0.00059662573,9.040334e-08
1026,0.9999392,1.9806168e-05,1.3181126e-05,2.7691647e-05,7.497461e-08
1027,0.99138814,0.00015823975,0.00011325991,0.0027597502,0.005580607
1028,0.9998055,1.4498489e-05,5.7294124e-06,0.0001742154,1.5748545e-07
1029,0.0009828144,8.757265e-05,0.99596405,0.0014544612,0.0015110446
1030,0.99940383,0.00011729921,0.00045047066,2.7153541e-05,1.3438458e-06
1031,0.9959971,0.00022601942,0.00058335357,0.0031135506,7.998673e-05
1032,4.242728e-06,0.00012710015,7.3269402e-06,0.999859,2.3737668e-06
1033,0.9998913,6.780679e-05,3.9583643e-05,1.2353026e-06,1.1306628e-07
1034,0.9935747,0.0023146863,0.0038455548,0.0002507369,1.4425526e-05
1035,0.029988633,0.006356575,0.8256877,0.11178401,0.026183119
1036,0.001973546,0.00072524446,0.022269057,0.0043020686,0.9707301
1037,1.2603564e-05,1.4286687e-06,5.546779e-07,0.9999851,2.777549e-07
1038,0.99872917,2.8293924e-05,0.0007674029,0.00047474026,3.700538e-07
1039,0.0044997986,0.00043675647,0.006239237,0.98796487,0.0008594264
1040,0.3991356,0.0019005233,0.5330327,0.0009453845,0.06498574
1041,0.9999609,1.1428147e-06,1.5266794e-05,2.2663939e-05,1.2031176e-08
1042,2.1498618e-06,1.0737803e-07,3.8006422e-07,0.99999714,1.6943791e-07
1043,0.00019689334,0.0008843212,0.001117374,0.99675316,0.0010482722
1044,0.99931335,0.0005619385,3.9006165e-05,7.863157e-05,7.1727954e-06
1045,3.4641198e-05,0.9999503,1.2852716e-05,2.312537e-06,1.1335797e-09
1046,9.114618e-05,2.4232138e-06,2.4831772e-05,0.99987817,3.4510253e-06
1047,0.03332172,0.0095050065,0.018109925,0.8991371,0.039926298
1048,2.0152725e-06,3.4294085e-06,0.9999757,1.7765655e-05,1.125016e-06
1049,0.9980101,0.001644779,5.995634e-05,0.0002793359,5.8635383e-06
1050,1.8531828e-05,0.00011114443,0.99986076,9.4466e-06,3.7684426e-08
1051,0.9960169,8.219024e-05,0.0038023794,9.258009e-05,5.993412e-06
1052,0.9998055,0.00013224142,5.5173805e-05,6.680053e-06,3.137443e-07
1053,3.5100127e-06,1.0569981e-08,0.99999607,3.8826425e-07,5.772013e-08
1054,4.0084655e-05,0.9999566,3.1062536e-06,2.2018877e-07,2.8658795e-09
1055,2.6808244e-05,1.1635766e-06,0.00032857788,0.9996424,1.0851271e-06
1056,0.003231825,0.0150581915,0.90408665,0.032406066,0.045217227
1057,5.609017e-06,9.061616e-05,0.99988735,1.6454653e-05,1.2551396e-08
1058,0.024856683,0.9492199,0.0073552527,0.018342383,0.00022588612
1059,3.016819e-05,0.9999651,5.592239e-07,4.2115034e-06,9.03007e-09
1060,3.3089178e-05,8.722773e-06,0.9999474,9.976303e-06,7.806283e-07
1061,0.99987066,1.7882705e-05,8.282122e-05,2.8254008e-05,4.064036e-07
1062,0.0064672977,0.003706524,0.0022494756,0.98684186,0.00073479995
1063,0.99954814,4.0763436e-05,0.0004074247,3.5566557e-06,1.5369302e-07
1064,3.4534246e-06,9.04409e-07,3.9297217e-07,0.99999523,3.7687156e-10
1065,4.4241206e-06,1.9718408e-07,0.9999912,4.082195e-06,8.9857245e-08
1066,0.98132807,3.0214274e-05,0.018621098,2.063394e-05,2.8766019e-08
1067,0.8732879,0.0029921434,0.105976,0.01711109,0.0006328484
1068,0.6428687,0.014667667,0.3291731,0.0115653705,0.0017251292
1069,0.98868984,0.008516024,0.0026160793,0.0001248571,5.3262615e-05
1070,0.00023617726,3.9056252e-07,0.9995504,0.00021138595,1.646704e-06
1071,0.99615496,0.0002443133,0.0035727776,2.7480268e-05,4.626294e-07
1072,0.015669338,0.011860086,0.86011857,0.101598725,0.010753297
1073,5.6606887e-06,0.9999776,1.506188e-05,1.6493933e-06,2.4116156e-08
1074,5.2490013e-06,1.8872272e-06,0.9999913,1.6182092e-06,1.4161696e-09
1075,0.9192041,0.02007603,0.039387465,0.016683016,0.004649379
1076,0.9995763,4.206713e-05,8.658501e-05,0.0002671415,2.7870597e-05
1077,9.8602e-05,4.29906e-06,0.9993723,0.00034217988,0.00018271491
1078,6.567766e-05,3.983669e-05,0.9998721,2.2003775e-05,3.6992796e-07
1079,0.0032749015,0.00021061738,0.0055457703,0.9909054,6.333392e-05
