0,0.9990332,3.1927542e-05,0.00019682701,0.0002637024,0.00047435358
1,0.99999976,1.989556e-08,1.7163161e-07,5.673677e-08,1.8469116e-09
2,0.99788195,0.002073037,3.95565e-05,2.4194187e-06,2.9509329e-06
3,5.4859765e-06,8.9137905e-07,2.9396833e-05,2.3151095e-05,0.999941
4,0.00020750334,3.3102842e-05,0.00050374435,0.9991123,0.00014327817
5,0.99998295,1.6510208e-05,4.448417e-07,9.34376e-08,5.4060667e-10
6,7.287738e-06,1.4443955e-07,2.4050922e-07,0.00017011359,0.9998223
7,0.99998975,6.232739e-08,1.0097052e-05,6.378901e-08,5.544451e-09
8,0.00043250396,8.725508e-05,8.312517e-06,0.99944144,3.0454477e-05
9,0.00014108754,2.165054e-06,0.9998529,3.8537446e-06,1.2463117e-10
10,0.0002773814,1.6400404e-06,1.3209414e-06,2.7949383e-05,0.9996917
11,2.8888e-05,0.99990296,3.3767115e-05,3.4336277e-05,1.9558223e-08
12,0.99990845,4.72029e-06,7.2561335e-05,1.3128294e-05,1.0459111e-06
13,0.00022487303,0.0002709617,0.99947685,2.7073553e-05,2.5582975e-07
14,0.9999888,6.015805e-07,2.288497e-06,8.17717e-06,1.7473798e-07
15,9.966021e-05,0.00014720636,0.0010555242,0.0012892777,0.99740845
16,0.9999862,2.810124e-07,7.651363e-06,5.886477e-06,5.2401315e-08
17,4.5188876e-06,0.99996233,1.8105344e-05,1.5042013e-05,7.4313106e-10
18,0.99982077,2.6327612e-05,9.824943e-06,0.00014264492,4.1942764e-07
19,0.99990845,7.162831e-06,9.112412e-06,7.525911e-05,9.025501e-08
20,2.8643058e-06,0.00022572879,0.00026644877,0.99949944,5.5819783e-06
21,1.0681784e-05,4.999876e-06,0.9999802,3.8845387e-06,1.7488885e-07
22,0.00012405105,2.8366352e-05,1.5802735e-06,0.9998287,1.7319377e-05
23,0.99994314,1.7243868e-06,4.9304916e-05,5.720002e-06,1.5496616e-07
24,7.691323e-08,0.9999987,4.3395494e-07,8.4860835e-07,4.0961904e-12
25,0.99976903,1.9555996e-06,0.00022829397,5.979425e-07,1.0374504e-07
26,0.00019201617,0.00030364443,6.91893e-06,0.9994918,5.6661306e-06
27,0.00039474614,0.00011578021,0.9984402,0.0010484754,7.227604e-07
28,0.9999316,6.375669e-05,3.605826e-06,9.675239e-07,1.2302868e-07
29,0.00014540403,0.00019586379,0.0004865307,0.99912256,4.9642556e-05
30,8.056186e-05,0.99966323,4.7843434e-05,0.00020826067,3.41236e-08
31,0.9993537,6.927573e-06,0.00061610533,2.2981492e-05,2.8029206e-07
32,9.77944e-06,7.156531e-06,0.9999784,2.1407502e-06,2.509595e-06
33,0.00039113604,0.00058296195,0.0007707606,0.9981659,8.927453e-05
34,3.4691816e-08,0.9999919,2.0630378e-06,5.9455647e-06,1.3555044e-12
35,0.99998784,7.162043e-07,8.780992e-06,2.450324e-06,1.19201076e-07
36,5.266989e-05,2.6835449e-05,0.9998956,1.8034552e-05,6.9384723e-06
37,7.3424694e-06,7.3922984e-06,3.0168643e-05,0.99971217,0.00024285766
38,1.1262546e-05,1.4770413e-08,5.0206955e-07,1.7828945e-06,0.9999865
39,0.9999342,3.7019728e-07,1.755648e-05,2.819731e-05,1.9614228e-05
40,9.532461e-08,0.99999964,2.9056174e-08,2.0071356e-07,3.987554e-12
41,0.99996483,1.8143561e-08,3.355505e-05,1.3609457e-06,2.8956785e-07
42,0.00019074322,2.1838277e-05,0.99743074,0.0021729271,0.0001838158
43,0.9997142,5.2016503e-07,0.00028091448,4.299813e-06,1.6968085e-07
44,0.9995384,0.0002928204,0.00013613373,3.1839e-05,8.5754294e-07
45,1.8608798e-05,1.2497192e-05,0.99996006,8.78869e-06,5.417534e-10
46,2.7517226e-05,3.270342e-05,0.00012742428,0.99973375,7.868867e-05
47,0.00027376643,0.00035729376,0.99905664,0.0003106212,1.7424253e-06
48,0.00013519592,0.0009066378,0.0005895527,0.99820614,0.00016249741
49,0.9999361,3.174051e-05,2.9428613e-05,2.5996364e-06,1.6366575e-07
50,0.99921095,7.876844e-05,0.0007083054,2.037179e-06,1.3000288e-08
51,2.5430614e-05,0.99990904,4.4974254e-06,6.101581e-05,1.1851539e-08
52,0.00030351616,3.6417307e-05,0.99961203,4.5836503e-05,2.2309707e-06
53,6.024259e-07,1.6976223e-08,1.8840675e-06,5.523544e-07,0.9999969
54,0.0005204183,0.99942243,4.0216975e-05,1.6933343e-05,1.246346e-09
55,1.7333864e-06,5.8951213e-05,0.9999367,2.5741683e-06,4.3356216e-08
56,0.9994306,0.00019274413,7.1591036e-05,3.757581e-05,0.00026749691
57,3.2971202e-05,1.1372461e-07,1.4596417e-05,0.00012150899,0.99983084
58,0.0024203195,2.6153051e-05,0.99740124,0.0001520826,1.9568441e-07
59,0.9999994,3.936424e-08,4.634357e-07,7.4689524e-08,6.9957773e-10
60,0.0014398382,0.000105776395,0.9978806,0.0005721455,1.6487214e-06
61,0.9992873,9.7718934e-05,0.00061154686,3.2241205e-06,2.2867879e-07
62,0.9999503,3.1789186e-05,1.115817e-05,6.502733e-06,2.1049996e-07
63,0.99997616,3.4349796e-07,2.1466874e-05,2.089028e-06,7.1318405e-09
64,0.99994636,3.4762914e-05,9.052049e-06,9.679743e-06,9.808341e-08
65,0.9990132,2.355737e-05,0.0005268,0.0004354296,1.1264569e-06
66,3.657171e-06,3.379298e-05,5.333079e-05,0.9999019,7.2218127e-06
67,6.40649e-05,0.00021234134,0.99949944,0.00020367822,2.0360647e-05
68,0.99986553,4.2383177e-05,4.445652e-05,2.7320857e-05,2.0225525e-05
69,4.612402e-06,0.00086388737,4.963895e-05,0.99894243,0.00013950297
70,0.99999297,1.7426152e-06,5.337981e-07,4.8511856e-06,1.0964186e-08
71,0.0011929296,0.9985991,0.00020462133,3.3023437e-06,6.978368e-09
72,0.9996979,7.3354568e-06,0.00028211423,1.1216127e-05,1.4006735e-06
73,0.99997747,7.8732355e-06,9.582417e-06,5.0952635e-06,3.6428165e-08
74,0.00014414781,4.3026682e-07,0.999853,2.3076902e-06,2.3328559e-08
75,0.0020444028,0.00047662162,0.006748312,0.99067277,5.783725e-05
76,0.9993568,9.028125e-07,0.00063927204,2.7479546e-06,2.7391303e-07
77,0.99998486,4.4235867e-06,5.1254538e-06,5.6121485e-06,8.077389e-09
78,0.99982315,0.0001262443,3.168717e-05,1.8820063e-05,1.7866085e-07
79,0.9999999,4.8133696e-08,2.8732021e-08,1.271278e-07,1.4959393e-10
80,0.00029155496,0.0005487204,0.99904925,0.000110171284,2.9835155e-07
81,0.999276,3.8407313e-07,0.00072316197,4.5434294e-07,4.1274824e-08
82,0.0006890222,0.0002631341,0.9988569,0.00019082423,1.9278225e-07
83,0.0035978062,0.9962794,3.0788444e-05,1.305343e-05,7.89095e-05
84,0.9980895,0.000852151,0.00022579462,0.00083092536,1.5634758e-06
85,0.0012033227,0.0005229817,0.9980901,0.00015611824,2.7446666e-05
86,0.99999785,1.6533306e-08,2.0047742e-06,5.35192e-08,4.769189e-10
87,0.9997104,0.00010703255,0.00016232286,9.980009e-06,1.0210736e-05
88,0.99916625,0.00074419775,8.207316e-05,7.3093893e-06,2.4430034e-07
89,0.0014377907,0.00043609072,0.00020046679,0.9972506,0.0006750084
90,6.3307616e-06,6.3477164e-05,3.4788325e-05,0.99919444,0.00070097315
91,1.2954974e-05,2.4224995e-05,0.9988996,0.001060273,2.9461914e-06
92,0.999907,2.1979919e-05,5.109188e-05,1.9639301e-05,2.0194946e-07
93,0.99896955,4.501244e-05,0.0009569007,2.777082e-05,7.8043485e-07
94,0.0060058315,3.21503e-05,0.9937674,0.00018612873,8.41072e-06
95,0.0013828073,0.9986082,1.266757e-06,6.5615186e-06,1.2027341e-06
96,0.9997243,1.841704e-05,0.00014419429,8.043822e-06,0.00010503922
97,2.7116916e-06,0.00074269576,4.2764463e-05,0.99920493,6.9211533e-06
98,0.00034824698,1.401554e-05,0.9994295,0.00018658041,2.1568238e-05
99,2.1845713e-06,5.3254393e-05,0.9999285,1.6131902e-05,1.2801814e-09
100,8.2391845e-05,0.00032409697,0.9995814,1.184703e-05,2.76961e-07
101,7.252385e-05,9.825356e-06,0.99986947,4.810914e-05,1.0616512e-07
102,0.00020664647,0.9997919,1.3084189e-06,7.765802e-08,3.9223091e-10
103,0.9999329,3.182795e-05,3.3852186e-05,1.3396283e-06,9.702209e-08
104,1.6765924e-05,0.0003061282,0.99966943,7.6296765e-06,2.532675e-09
105,0.9999032,1.2998946e-05,6.892968e-05,1.44561645e-05,4.4025302e-07
106,0.9990545,2.3972902e-06,0.00094162807,1.2742079e-06,1.9057052e-07
107,9.5314055e-05,0.99957377,1.3228119e-05,0.00031772294,4.172507e-08
108,2.4182706e-05,1.1240072e-07,1.4016217e-05,5.12634e-06,0.9999565
109,0.0008842479,0.997945,1.8217395e-05,0.0011524376,9.555792e-08
110,7.0892755e-05,2.8558026e-05,0.9986486,0.0006625417,0.0005895095
111,0.99987996,4.5670477e-05,2.1480186e-05,5.0311508e-05,2.6016683e-06
112,0.0007067744,0.00016866042,0.99841607,0.0007062239,2.2695979e-06
113,0.0003000054,0.00013242396,0.99907196,0.00046082187,3.4788376e-05
114,0.9999968,1.09649015e-07,2.9808239e-06,1.316024e-07,3.4451464e-10
115,5.418713e-05,7.973546e-06,0.99992037,1.7379936e-05,1.5896541e-08
116,0.0006715392,0.0002288511,0.00027400133,0.99876356,6.210269e-05
117,0.99952114,0.0002724598,1.2635509e-05,0.00018358986,1.0229961e-05
118,0.0044398075,6.623654e-05,0.99527717,0.00021364175,3.1960865e-06
119,1.2527387e-05,0.9999547,1.2032291e-05,2.07557e-05,8.5570696e-11
120,1.5879928e-05,4.803383e-07,8.744817e-06,7.175903e-05,0.9999032
121,0.9999765,1.6709537e-06,2.134916e-05,4.672384e-07,4.0593196e-08
122,2.388886e-06,9.233718e-06,1.6397089e-06,0.9999863,4.713596e-07
123,0.9999864,4.433586e-06,8.513203e-06,6.2537146e-07,1.7063103e-07
124,0.99995315,4.0929425e-08,4.666727e-05,1.4450394e-07,1.077974e-08
125,0.0003458915,0.00012600058,0.00013729221,0.99934524,4.5539266e-05
126,0.00049663446,4.1368876e-05,0.9991836,0.00027177983,6.6195753e-06
127,5.936662e-07,5.781609e-08,2.896578e-07,1.6477845e-05,0.9999826
128,0.00010482597,3.412047e-05,0.9996414,0.00021866806,1.0335128e-06
129,1.3739792e-05,3.687974e-06,0.9999589,2.3708264e-05,1.0461543e-08
130,9.414862e-05,3.071301e-06,0.9998871,1.261161e-05,3.030943e-06
131,0.9999907,3.853677e-06,5.2900104e-06,2.562468e-07,2.8097576e-08
132,0.0005726977,0.99721223,2.0749314e-05,0.0021918393,2.511444e-06
133,0.0004473648,4.445758e-05,0.00015934392,1.8006343e-05,0.9993309
134,0.99941313,0.000106072905,8.676557e-06,0.00046119516,1.09144785e-05
135,0.00013110031,3.7958594e-05,9.332646e-05,0.99973077,6.781009e-06
136,0.99998176,1.064084e-06,1.4068586e-05,3.1089874e-06,1.517432e-08
137,0.0003503187,0.99964786,1.4410557e-06,3.6259848e-07,3.1527507e-09
138,6.7255485e-07,7.93862e-05,4.5815405e-06,0.999915,3.1266327e-07
139,0.99932826,0.0006283967,3.324583e-05,9.838533e-06,2.3233865e-07
140,3.0164796e-05,0.00024450046,0.9996972,2.8099634e-05,5.093485e-08
141,0.9998109,1.3890055e-06,0.00018231981,5.410129e-06,1.8332564e-08
142,0.9999862,6.1899254e-06,6.892948e-07,6.6662396e-06,2.1989896e-07
143,0.001159625,0.00011254858,0.9962412,0.0024515067,3.512082e-05
144,0.9999496,3.7789378e-06,4.3966847e-05,2.6549808e-06,1.4497984e-08
145,6.0231923e-06,1.5328519e-08,7.859369e-07,2.1525494e-07,0.99999285
146,0.0023172845,1.9329578e-05,0.99763024,3.1464984e-05,1.6798499e-06
147,0.999311,0.00037663168,0.00024094981,7.0167625e-05,1.2405114e-06
148,0.00026515953,0.00012731452,0.00012713215,0.99947757,2.823917e-06
149,0.99958676,0.00018937858,0.00020497397,1.8790633e-05,1.768317e-07
150,0.9958301,0.0014523481,0.0024950348,0.00020861362,1.37905245e-05
151,2.0598802e-06,2.870339e-06,2.2597429e-07,0.99999464,1.8900117e-07
152,0.99998486,4.1164134e-07,1.2843039e-05,1.8491199e-06,1.1820335e-08
153,2.2020442e-05,4.6857626e-06,0.001392894,0.99858,4.20966e-07
154,0.99999845,1.2950569e-08,8.6119206e-07,6.551491e-07,3.4042518e-08
155,0.9998097,1.297298e-06,0.00018316502,5.775876e-06,1.3797154e-07
156,0.9992823,0.00020075933,0.0002443293,0.000259405,1.32584455e-05
157,0.9998141,6.538996e-06,2.7573424e-05,0.00015174267,1.1884893e-07
158,0.0009903808,0.00090181356,0.9980444,6.3352614e-05,5.845621e-08
159,0.0010553497,3.1783056e-05,0.9989064,6.290708e-06,2.0027092e-07
160,0.9999988,3.6685105e-07,6.4446834e-07,2.5151795e-07,2.392762e-08
161,0.9985328,5.506709e-06,0.001424463,3.715531e-05,8.427212e-08
162,6.2159124e-05,6.855201e-06,0.99987507,5.5720357e-05,1.4045261e-07
163,0.00017822062,0.00025027705,0.9991973,0.00037363116,5.65594e-07
164,2.1197464e-05,9.912593e-06,0.00032488615,0.99963963,4.41602e-06
165,0.9999831,1.37889165e-05,1.5556265e-06,1.6181712e-06,2.7267097e-08
166,0.9998932,3.8349963e-06,6.0491024e-05,4.2396237e-05,1.4677522e-07
167,3.5271005e-06,0.9999888,5.0178082e-06,2.6710165e-06,5.123785e-09
168,2.8713382e-06,0.9998543,7.7994555e-05,6.4816515e-05,1.8512515e-10
169,0.99998915,1.2518555e-08,1.0882697e-05,9.127712e-09,2.6930218e-08
170,5.4724267e-05,3.922092e-06,0.0013179692,0.0002637848,0.9983596
171,0.9998386,4.6158158e-07,0.00015913536,9.637284e-07,8.041202e-07
172,0.9999995,3.5039162e-07,6.916221e-08,5.7059403e-08,7.9970496e-11
173,0.99962115,4.3533154e-07,0.00036469006,1.3796039e-05,5.5185705e-08
174,6.4656274e-07,6.16372e-06,0.00031949495,0.99966526,8.38784e-06
175,0.99989235,1.75228e-06,9.798579e-07,0.00010230594,2.566676e-06
176,0.9999616,7.1381396e-07,3.7474496e-05,2.694688e-07,1.1523279e-08
177,0.9976489,0.0015466239,0.00060323573,0.00017187429,2.9346014e-05
178,4.011824e-07,0.99999785,9.862156e-07,7.098569e-07,3.1331302e-11
179,0.9964592,5.432264e-05,0.0034777485,8.21086e-06,5.5216367e-07
180,0.9926197,0.007321429,3.374739e-05,2.4978059e-05,2.7608954e-07
181,1.0,3.2856654e-08,2.2206752e-08,1.6024513e-08,1.7380422e-11
182,2.1303052e-07,6.0433e-06,0.00011259281,0.999881,1.3873871e-08
183,0.9987644,9.497725e-06,0.00094739336,0.00023064355,4.807247e-05
184,1.6594006e-05,2.085724e-05,1.701124e-05,0.99994445,1.0709855e-06
185,0.99997663,3.2285364e-08,2.286485e-05,4.565268e-07,1.8478344e-09
186,4.6156703e-05,1.9805352e-08,4.9123832e-06,3.670615e-06,0.9999453
187,8.624916e-05,0.0002478759,0.9996038,6.20397e-05,5.3694286e-08
188,1.4263453e-07,6.166056e-06,1.8284001e-06,0.99999166,1.2365433e-07
189,5.7194207e-05,6.769876e-05,6.865289e-05,0.99963796,0.00016852513
190,4.8461893e-06,7.9039054e-08,2.770364e-05,5.586898e-07,0.99996686
191,1.7455104e-06,4.9400696e-05,7.3194025e-07,0.9999479,2.3436934e-07
192,5.362296e-05,0.99970067,5.079067e-06,0.00024064939,2.0123602e-08
193,0.9999896,2.7138888e-06,5.095126e-06,4.3073084e-07,2.141613e-06
194,7.75238e-05,3.404281e-06,0.00047616474,0.99941957,2.3270008e-05
195,0.00014698226,1.5238917e-05,0.9998022,3.56065e-05,1.6373022e-08
196,0.0008465224,7.78453e-06,0.99896514,0.00016964889,1.0868235e-05
197,6.288991e-05,3.1649703e-05,0.0018616781,0.9980039,3.986318e-05
198,0.99862134,6.7925926e-06,6.390651e-05,0.00012219154,0.0011857637
199,3.6466286e-08,7.4184953e-07,1.0907294e-07,0.99999917,2.8283087e-09
200,0.00014893162,0.9995851,1.3668121e-05,0.00025223033,4.8610918e-08
201,0.0009309292,0.99883896,0.00013917453,9.038726e-05,6.2222097e-07
202,0.00014021365,2.475274e-07,0.99985766,1.5622788e-06,2.8162876e-07
203,8.646117e-07,0.99983203,2.7055812e-05,0.00014004609,4.6503393e-10
204,0.99995387,6.190292e-06,4.5742004e-06,3.466065e-05,7.0074486e-07
205,0.00032933793,1.00547e-05,0.9996307,2.9819117e-05,3.5574345e-08
206,2.9824557e-07,4.1736436e-07,4.9641007e-09,0.99999905,1.4741671e-07
207,0.99999833,1.2206742e-07,1.0630883e-06,1.8840304e-08,5.3092737e-07
208,4.3111922e-05,0.9999505,5.2968875e-07,5.898107e-06,1.6314536e-08
209,5.333032e-05,0.00039248998,0.00011089825,0.9994412,2.1319497e-06
210,0.00012731447,6.251607e-06,0.99974984,0.000116415125,1.7830666e-07
211,0.99998784,1.984791e-06,1.6779239e-06,8.528403e-06,6.3989436e-09
212,0.99990416,6.0675822e-05,3.1990137e-05,3.055513e-06,7.8202476e-08
213,0.9999039,1.5285934e-06,7.3842064e-05,1.895707e-05,1.8121101e-06
214,9.914357e-07,0.99995637,1.433234e-05,2.8204335e-05,7.995083e-12
215,0.9999949,5.108501e-07,1.0742199e-06,3.4147592e-06,9.8424756e-08
216,9.01383e-05,9.432351e-05,7.554946e-05,0.9997365,3.5737187e-06
217,0.999969,4.1533121e-07,1.2041693e-05,1.1479004e-05,7.0082065e-06
218,0.9999207,2.349596e-07,7.707189e-05,1.8252425e-06,1.7136816e-07
219,0.99999976,1.7739408e-08,8.8057675e-08,9.554196e-08,2.4883946e-08
220,0.99919873,0.0002276139,0.00046098695,0.00010779428,4.912855e-06
221,7.5341422e-06,0.0001223817,0.0013666557,0.99849224,1.1174302e-05
222,0.99739933,0.00021840785,0.0023215485,5.3618427e-05,7.144652e-06
223,0.00069793867,0.9970963,1.4007751e-05,0.0021916637,8.787086e-08
224,4.0908963e-05,7.694491e-07,0.9999455,1.2508373e-05,3.835056e-07
225,1.5573807e-05,1.3704675e-07,9.253056e-06,5.4586817e-05,0.99992037
226,0.9999864,6.054685e-06,3.4044097e-06,4.113345e-06,1.9488466e-08
227,0.0007790028,0.0008235414,0.00033296112,0.99799687,6.767934e-05
228,2.9196606e-06,8.812013e-06,5.0792354e-05,0.99896884,0.0009686784
229,0.00031202805,0.0016466237,0.00048189692,0.9975547,4.765711e-06
230,0.0027879549,1.4598967e-06,0.9971928,1.2517663e-05,5.2994633e-06
231,0.99988544,0.000107298336,1.8381166e-06,5.362988e-06,7.6888966e-08
232,0.0009537365,0.99640757,0.0026015039,9.10109e-06,2.807033e-05
233,0.99705887,0.0022630708,0.0005553478,9.56752e-05,2.7120384e-05
234,1.0502542e-05,0.00011579947,1.1845918e-05,0.99982893,3.2844946e-05
235,0.9995894,1.4018369e-05,0.00030061195,9.545827e-05,4.6922148e-07
236,1.968583e-06,0.9999918,3.735201e-06,2.472889e-06,8.078366e-10
237,0.99825996,0.00043457065,0.0012485302,5.4799802e-05,2.1690241e-06
238,0.9997129,1.2533433e-06,0.00028485522,9.968253e-07,2.5139773e-08
239,0.9998927,6.5517044e-05,4.4107355e-06,3.7012614e-05,3.3567252e-07
240,0.99975246,0.00010964498,3.2750133e-05,0.000102686405,2.4416795e-06
241,2.1301878e-06,5.963237e-05,0.99991035,2.7880817e-05,6.1467903e-10
242,8.2690127e-07,0.99998796,1.0754471e-05,4.3131217e-07,5.3198084e-12
243,1.8562677e-06,1.449994e-08,2.0701005e-07,1.1071381e-06,0.9999968
244,0.00021359426,0.00013437461,0.9995584,8.608394e-05,7.561669e-06
245,5.695743e-05,1.8496523e-05,0.99990594,1.8551462e-05,4.967809e-08
246,0.99999535,1.1688464e-06,1.8409662e-06,5.045763e-07,1.1812605e-06
247,0.9999938,2.2463912e-07,1.1461354e-06,4.703288e-06,9.959245e-08
248,0.9999975,1.0313983e-08,2.225981e-06,9.675134e-08,1.0794214e-07
249,0.99993813,4.569646e-06,5.027484e-06,9.0005017e-07,5.1325835e-05
250,2.1754815e-05,3.7003286e-07,0.00012795834,0.00022710106,0.9996227
251,0.00025624686,0.99740064,7.643467e-06,0.0023340834,1.4225512e-06
252,0.9999485,5.06958e-05,4.37939e-08,8.39455e-07,1.893771e-09
253,0.9999685,9.095764e-07,2.624336e-05,4.338949e-06,1.5665355e-08
254,0.00079956173,3.614381e-05,0.99913687,2.6865895e-05,6.514248e-07
255,4.9936705e-05,1.6426017e-07,0.00021194066,7.8219136e-07,0.9997372
256,0.9997924,2.694336e-08,0.00018867548,1.8949278e-05,1.35045015e-08
257,5.0311748e-05,0.00055709365,8.9662426e-05,0.9992699,3.295896e-05
258,6.0318853e-05,1.465231e-05,1.8233459e-05,0.99990106,5.757776e-06
259,0.9995622,4.538763e-05,0.0003338311,5.6569268e-05,1.8561353e-06
260,2.8409572e-06,0.999987,9.820066e-06,3.9595437e-07,5.62548e-12
261,0.9999962,2.054205e-07,3.4899663e-06,1.7333313e-07,4.2784447e-09
262,0.00035340447,5.729276e-05,0.0019579795,0.9976259,5.4097986e-06
263,0.006858091,0.0050312625,0.9871159,0.00079738785,0.00019732575
264,8.738537e-05,7.942612e-06,5.514717e-05,0.00036567665,0.9994838
265,0.9999995,2.582126e-07,1.1627091e-07,4.893515e-08,2.261212e-10
266,0.9997242,2.365485e-05,0.00024184109,6.8583777e-06,3.4716184e-06
267,0.999841,8.388579e-06,0.00013087914,1.9796858e-05,2.6334657e-08
268,1.3145675e-05,2.3355185e-05,0.99995935,3.797189e-06,3.761082e-07
269,0.9966696,4.4466142e-05,4.0427618e-05,0.0032291953,1.6388864e-05
270,0.9999014,6.1234555e-06,6.278358e-05,2.9238347e-05,3.964128e-07
271,8.163344e-06,0.99999046,1.1920257e-06,2.79612e-07,1.2773818e-10
272,0.00044496654,1.6659333e-05,0.9987778,0.0007600482,5.7823723e-07
273,0.999943,2.9380248e-05,2.5296868e-05,2.1523856e-06,6.270113e-08
274,3.0017898e-05,0.00022034287,6.181991e-06,0.99973065,1.2769096e-05
275,0.9999943,1.2369978e-06,5.4515044e-07,3.9007123e-06,2.0754708e-08
276,4.3725395e-05,0.00021144412,0.999731,1.3752155e-05,2.7164033e-09
277,3.7569236e-05,0.0027451166,0.99627644,0.000940037,7.6737473e-07
278,3.3354307e-05,5.7693154e-07,4.3655305e-06,3.29002e-05,0.9999287
279,0.9988637,0.0011078947,2.2208138e-05,5.9432477e-06,2.0058481e-07
280,0.99978215,6.2210755e-05,1.627365e-05,0.00013413733,5.278084e-06
281,5.250466e-06,2.7415404e-05,0.99996233,4.9967507e-06,1.0075531e-08
282,0.00024806557,4.7550134e-06,0.9997305,1.5674203e-05,9.910142e-07
283,0.00046866955,2.533492e-06,0.99947375,5.0017097e-05,5.087735e-06
284,0.00030259386,0.999668,1.934403e-05,9.978643e-06,8.962742e-09
285,0.9992601,8.4390354e-05,0.00034003475,0.00010977948,0.00020559582
286,7.55451e-06,0.00013703365,0.99984896,6.1813666e-06,1.3608627e-07
287,0.99999964,7.205271e-08,6.398718e-08,1.9510121e-07,3.9214337e-10
288,0.00018488347,1.1294384e-06,3.182824e-05,1.4548146e-05,0.9997676
289,3.5400215e-05,1.0105922e-05,2.3085171e-07,0.999918,3.6235215e-05
290,0.9998299,0.00013697277,3.1761665e-05,8.32633e-07,5.8138465e-07
291,6.9289046e-05,3.0098304e-06,1.7255565e-05,0.00028710582,0.9996233
292,1.6000442e-05,0.9993538,8.214394e-05,0.00054758263,5.257051e-07
293,0.00017425696,1.582655e-05,0.9997292,8.0502585e-05,2.7464327e-07
294,0.9990427,5.20851e-06,0.00089017843,6.071358e-05,1.121369e-06
295,0.9999944,4.2899533e-08,3.6031164e-08,4.0543437e-06,1.5928891e-06
296,0.998884,0.0010037344,7.4365234e-05,3.7746606e-05,1.0955249e-07
297,0.00021795991,7.3559927e-06,0.9997594,1.5121121e-05,1.7325708e-07
298,5.205998e-05,1.6500328e-05,0.99917954,0.00064585835,0.000105979365
299,0.9931954,0.0016136763,0.005001149,0.00018281564,6.946656e-06
300,3.2234407e-06,6.274083e-05,2.525614e-06,0.99992967,1.8280409e-06
301,0.00012153564,2.597794e-06,0.00032225015,0.9995534,1.9854096e-07
302,0.001346968,0.0011594897,0.9971596,0.00033261388,1.3893456e-06
303,0.99953353,0.00038001253,2.6808699e-05,5.8194e-05,1.3849184e-06
304,0.0023199443,0.0018851788,0.9956864,0.00010828666,1.939019e-07
305,1.2657646e-06,5.218574e-06,0.00074756687,0.9992448,1.1918698e-06
306,0.9993961,1.10656865e-05,0.00026636,0.00029332453,3.311496e-05
307,0.00055052474,2.0263e-05,4.8519953e-05,0.99937373,7.0196484e-06
308,1.0,1.2135869e-08,1.6106389e-08,1.6489473e-08,1.007127e-10
309,0.9999591,1.8035458e-05,5.163373e-06,1.431398e-05,3.4304508e-06
310,0.0013151056,0.000507369,0.99784684,0.0003031163,2.7459764e-05
311,0.99815625,0.00028610785,0.0010069157,0.0005267705,2.3967492e-05
312,0.0028519293,0.00022441572,0.9967834,2.874478e-05,0.0001114825
313,0.99700934,0.0010427871,1.7079017e-05,0.0014022142,0.0005285067
314,0.99997985,2.5607204e-07,1.9365183e-05,6.1561155e-07,1.3446139e-08
315,0.99335974,0.0014241968,0.0051663085,4.1079657e-05,8.650675e-06
316,2.8698403e-06,0.00023813307,0.0027740332,0.9969843,5.7736247e-07
317,5.778253e-07,8.8848185e-07,0.00031285183,0.9996829,2.7994608e-06
318,0.0006897643,0.00021738869,0.9958306,0.0032594048,2.8555178e-06
319,5.0590923e-05,1.2544746e-05,6.990928e-05,0.99981266,5.4338758e-05
320,0.99992,1.0519117e-05,6.186692e-05,7.578087e-06,3.0711647e-08
321,0.9999999,4.4036357e-09,1.14358585e-07,4.19394e-09,3.148342e-10
322,0.9999161,2.3392838e-06,7.648394e-05,3.941874e-06,1.0201685e-06
323,0.9991756,6.421049e-05,0.00045526717,0.00029658934,8.384388e-06
324,0.99971193,7.7105426e-05,0.00020819774,2.5580664e-06,2.5385455e-07
325,0.9993661,0.00056769594,5.1676267e-05,1.3039691e-05,1.3853178e-06
326,1.008527e-05,4.663462e-05,0.9999428,4.562467e-07,1.5464352e-09
327,0.99996376,2.8299585e-06,3.2383363e-05,1.0114509e-06,3.2766163e-08
328,0.9993837,2.9990397e-07,0.00048248496,0.00013174627,1.7790964e-06
329,0.9999784,5.302481e-06,1.305089e-05,3.2984135e-06,3.4159893e-08
330,6.0838393e-06,3.8482394e-06,1.3593284e-05,0.9999378,3.8758353e-05
331,0.00046141766,1.0270578e-05,0.00018657383,0.99933714,4.598024e-06
332,0.0041150935,0.99534804,0.0004203259,0.00011459488,1.9946074e-06
333,1.9812478e-06,4.0433415e-06,3.0707404e-05,0.99996257,6.4445237e-07
334,0.9933522,8.340117e-06,0.006312978,0.00032613098,2.045857e-07
335,0.995069,2.3352253e-05,0.003973089,0.00092469895,9.851256e-06
336,1.4040027e-05,6.757697e-05,4.920403e-06,0.9999114,2.0632476e-06
337,0.00016391509,5.498149e-05,0.9996136,0.00015295186,1.4603782e-05
338,0.99313486,0.00031117984,5.8566293e-05,0.0063680396,0.00012732197
339,0.0004947233,0.00038765027,2.5714737e-05,0.9990876,4.3478203e-06
340,9.0382244e-05,3.6366444e-05,6.71947e-05,0.9997794,2.6712432e-05
341,0.9999032,4.4332255e-06,8.967819e-05,2.7406738e-06,5.535722e-08
342,0.99999976,1.127035e-08,2.232995e-07,1.723345e-08,8.185637e-10
343,0.999964,5.020707e-07,6.7686333e-06,2.6736736e-05,1.8606377e-06
344,8.838606e-05,0.00038079286,0.0004555882,0.99905664,1.8593866e-05
345,1.4122991e-05,0.00075038837,0.00011629621,0.999081,3.8140915e-05
346,1.43217e-05,0.00014333267,4.3967237e-05,0.99977833,2.0027168e-05
347,0.99982834,4.268809e-06,0.0001359564,1.51953e-05,1.6231777e-05
348,6.1593244e-05,0.00028672096,0.99616915,0.0034816985,9.198782e-07
349,3.6079416e-06,0.9998658,6.381966e-05,6.671151e-05,4.4119458e-10
350,0.00011843251,4.408053e-05,6.361201e-07,0.999835,1.8287939e-06
351,0.99999166,7.4729587e-07,7.368315e-07,6.4816477e-06,3.3185003e-07
352,0.9999255,5.967076e-05,1.15608655e-05,3.2563146e-06,2.8287168e-08
353,1.0,3.7450816e-09,8.7335055e-09,5.352899e-09,5.603774e-11
354,1.0036065e-05,1.223807e-08,6.60939e-07,3.0772435e-06,0.9999862
355,7.684679e-06,0.999882,1.3673022e-06,0.00010898734,2.4387816e-08
356,0.0010123817,8.8706736e-05,0.9982912,0.0006057399,1.9948168e-06
357,0.00012693976,4.0175014e-06,0.00014953222,0.0001676997,0.99955183
358,2.0589225e-06,0.99996734,2.8187274e-05,2.398666e-06,2.4826996e-09
359,0.00089675246,8.406296e-06,0.9971731,0.001918844,2.8708819e-06
360,3.4634288e-06,2.74756e-07,9.2263423e-07,0.99999356,1.7720024e-06
361,0.99995756,3.4994817e-05,6.7337646e-06,7.448556e-07,1.9643974e-08
362,0.9995066,1.7024277e-06,0.00048849365,3.0392093e-06,9.380315e-08
363,0.9997285,0.00026449663,3.9559823e-06,3.0683432e-06,4.8176293e-08
364,2.3210456e-05,2.4681987e-05,0.00015760757,0.9997522,4.2323893e-05
365,0.00011266256,6.1025883e-05,0.9996965,0.00012978356,9.045057e-08
366,0.99999917,6.7631703e-07,5.9528016e-08,2.1127553e-07,6.943917e-10
367,0.9949563,0.0012561902,0.0035974255,0.00018777698,2.3662128e-06
368,0.00011248074,3.5062316e-05,0.998982,0.0005551186,0.00031527807
369,0.99999034,3.1346597e-06,3.8914227e-06,2.1792794e-06,3.4641855e-07
370,2.0123189e-06,6.236579e-05,5.0083863e-06,0.99992514,5.477567e-06
371,1.4048662e-06,6.91618e-06,0.00023477591,0.99975604,8.707518e-07
372,0.99994755,4.159972e-06,4.542795e-05,2.8195816e-06,1.992703e-08
373,0.99989974,2.4441908e-07,9.997394e-05,2.011272e-08,5.1568314e-08
374,2.3547089e-05,0.9996511,0.00028097306,4.445593e-05,4.7192766e-10
375,0.99999976,2.8867355e-09,1.9319783e-07,4.2897943e-09,1.4634334e-10
376,5.5037044e-06,9.2183024e-07,0.99999344,1.5772821e-07,1.9462518e-09
377,0.9999982,3.1073472e-07,6.7671834e-07,7.2543554e-07,5.0220184e-09
378,0.999982,1.3339476e-05,2.469662e-06,1.4001846e-06,6.84771e-07
379,0.9992054,0.0007032963,3.4724304e-05,5.4372085e-05,2.1259207e-06
380,0.9999982,1.1273762e-06,1.421538e-07,5.751324e-07,1.8620165e-08
381,0.9918114,0.00028615765,0.0028775432,0.0043458454,0.00067906006
382,0.9986619,3.1698744e-06,0.00038231083,0.00094773254,4.9724617e-06
383,0.99998343,1.1208128e-06,4.841791e-07,1.4809135e-05,1.212273e-07
384,0.00015102382,0.00015574208,0.9996594,3.361753e-05,2.2098423e-07
385,0.99992716,1.1488145e-06,7.0382775e-05,6.812923e-07,7.31602e-07
386,0.0011590762,8.9834275e-06,0.9987452,2.4432984e-06,8.4237305e-05
387,0.9998828,7.3016195e-06,4.0105883e-06,0.000104096755,1.6472408e-06
388,0.0002652025,2.5589681e-05,3.734453e-07,0.9996834,2.5485904e-05
389,0.9998678,3.4208977e-05,3.3181594e-05,6.444774e-05,4.098939e-07
390,0.9997806,1.695719e-05,0.00020227481,1.3059189e-07,6.0795884e-08
391,1.7670913e-05,5.0723065e-06,0.9999651,1.2099085e-05,3.7379948e-08
392,7.313581e-05,5.5613505e-06,7.13906e-05,0.0002761925,0.99957365
393,7.861437e-05,5.13028e-05,0.99823666,0.0016333215,2.132577e-08
394,0.99995816,9.54536e-09,4.168016e-05,1.5256185e-07,5.7894987e-09
395,0.00023283577,0.99954045,8.1351915e-05,0.00011918486,2.6197473e-05
396,0.9995229,0.00036035312,6.752585e-05,4.6192235e-05,2.9508933e-06
397,0.9999995,1.8573722e-08,3.2167944e-07,1.1407914e-07,2.6453069e-08
398,3.82636e-06,5.8456055e-07,1.2662521e-05,0.00020413112,0.9997788
399,6.8341974e-06,0.00046793278,6.85003e-05,0.9993787,7.793939e-05
400,0.9999627,5.965317e-07,3.6415804e-05,3.6496462e-07,4.2114583e-09
401,0.9999999,1.5501107e-10,1.07662764e-07,7.4019385e-10,2.0801548e-12
402,0.00048364344,0.00024438588,0.00038935686,0.002243553,0.996639
403,2.403673e-05,1.4143892e-05,2.4700425e-06,0.9999558,3.5717526e-06
404,2.755742e-05,0.9973924,3.7081354e-05,0.0025419889,9.521532e-07
405,0.9997689,1.2093539e-05,1.1878017e-06,3.1513967e-08,0.00021770793
406,4.0792187e-05,0.0005145578,0.0007076233,0.9987357,1.2701161e-06
407,0.9999956,1.8982787e-06,4.4175522e-07,2.0597074e-06,5.0406626e-08
408,0.0003849958,0.00048697513,0.9986389,0.00048776896,1.2760853e-06
409,2.3485283e-05,0.99974364,5.784852e-07,0.00023232233,2.930252e-10
410,8.909429e-05,2.1556767e-05,0.0009701929,0.9988133,0.00010587647
411,0.00030694003,0.0004887846,0.0005151386,0.99865377,3.527342e-05
412,0.9994266,3.3445654e-06,0.000557287,1.2742589e-05,1.4388939e-08
413,0.9987037,6.762615e-05,8.116709e-05,0.00010600873,0.0010415424
414,9.291775e-05,8.756624e-06,0.9998945,3.7819382e-06,3.614449e-09
415,0.001002985,0.0024626472,0.00029944058,0.9960515,0.00018345399
416,0.99999964,2.989237e-07,2.3776874e-08,2.713618e-08,1.0089879e-10
417,0.00010146429,0.9997521,0.000102831604,4.3327942e-05,2.3051886e-07
418,5.244242e-05,0.99989426,2.0101517e-05,3.3077515e-05,7.2444517e-10
419,0.0005277621,0.0005076622,0.9962115,0.0014877953,0.0012651922
420,0.9999981,5.9055663e-09,1.0701057e-06,7.777437e-07,3.6157435e-11
421,5.1551684e-05,0.99905163,4.317483e-05,0.00084774336,5.901657e-06
422,1.053128e-05,2.2873498e-07,2.1201484e-05,0.9999676,4.788694e-07
423,0.9998654,2.3842129e-05,0.00010517103,1.8239481e-06,3.7752156e-06
424,0.99953663,0.00010779763,0.0001390891,0.00013698824,7.9584046e-05
425,0.000538257,5.892932e-05,0.99910223,0.0002954798,5.131627e-06
426,1.0,1.0034025e-08,1.7864866e-09,1.988076e-09,4.402135e-12
427,0.00032331745,6.8823756e-05,8.087994e-07,0.999506,0.00010097352
428,5.6956735e-05,0.00023843108,0.00015640288,0.99933785,0.00021042593
429,0.0011138261,0.00012792836,3.858584e-06,0.99874926,5.1869424e-06
430,2.0651489e-05,5.6018885e-06,0.9998516,0.00012159799,5.2764443e-07
431,0.9999827,1.1978627e-06,1.4062551e-05,2.0652965e-06,4.0823586e-08
432,0.99995124,3.6559218e-06,2.399379e-05,2.1077176e-05,1.3374171e-07
433,0.9999994,3.930949e-07,6.6585244e-08,1.1920722e-07,3.3445835e-10
434,5.288607e-06,3.8076737e-07,8.496105e-05,0.00016379796,0.99974555
435,0.9999801,7.406219e-08,1.9031553e-05,7.1450484e-07,1.7521854e-09
436,2.721328e-06,5.5159417e-05,0.9999385,3.4553993e-06,1.4209176e-07
437,0.00025002751,0.00023880077,0.00577292,0.99328774,0.00045042395
438,2.2992529e-06,0.99998856,2.769942e-06,6.331028e-06,1.0531077e-09
439,1.8953477e-06,0.9999887,2.5283353e-07,9.183629e-06,2.4619792e-10
440,0.0012803035,7.106127e-05,0.9967957,0.0018308944,2.2049771e-05
441,0.99967825,0.00013599121,3.5797646e-05,0.000118664684,3.1313917e-05
442,5.4128624e-05,0.00014544095,9.6922835e-05,0.9996995,4.056721e-06
443,3.1238404e-05,8.233618e-06,0.9988457,0.0011141488,7.2617405e-07
444,0.0026134022,0.9968732,4.8869565e-06,0.00050851726,6.997525e-08
445,1.0963452e-05,4.4741094e-07,0.99998176,6.8262343e-06,3.2929897e-08
446,0.9999522,1.5422281e-06,3.3346918e-05,1.2829913e-05,2.7336135e-08
447,9.189641e-06,9.568988e-05,0.00042626003,0.9994398,2.9069795e-05
448,0.999241,0.00075269036,6.47216e-07,5.7622833e-06,2.815416e-08
449,0.9999989,8.247068e-07,8.982059e-08,1.3911193e-07,4.1827733e-10
450,0.9999994,2.8063328e-08,5.4733596e-07,4.93447e-09,2.3732397e-10
451,0.0029409598,0.99663746,1.7961393e-05,0.00040359425,4.7462187e-08
452,0.99929655,3.309326e-05,0.00048423966,0.0001498413,3.6173213e-05
453,0.99927133,1.02645e-06,0.0007110043,3.3822096e-06,1.3237554e-05
454,1.0183866e-06,0.999997,1.2849744e-06,6.6549825e-07,2.0752202e-11
455,0.9998603,1.7094288e-07,0.000111908674,9.470617e-06,1.8067209e-05
456,0.999997,7.124202e-08,2.7417755e-06,1.0787089e-07,6.3559263e-10
457,0.9999999,1.40627705e-08,6.008404e-08,1.8280949e-09,1.8775268e-11
458,3.2346656e-05,0.9999293,3.097704e-05,7.3966753e-06,1.2552972e-09
459,0.99737966,0.0025765158,2.6915393e-05,1.6756563e-05,2.3286646e-07
460,0.00028274927,7.632632e-07,0.9996939,2.2579734e-05,3.1249843e-09
461,2.0287155e-07,2.741297e-07,7.851449e-09,0.9999994,1.8820383e-07
462,0.99760735,3.2002332e-05,0.0012381766,0.0011082358,1.4311059e-05
463,4.0753705e-05,7.998688e-06,0.99985945,9.1473805e-05,2.7260933e-07
464,6.771257e-05,6.737581e-05,1.4977722e-05,0.9998456,4.350302e-06
465,0.00037685788,4.3260403e-05,0.9992281,0.00034618308,5.6316594e-06
466,0.9995467,1.0991643e-05,0.00038265978,2.3011902e-05,3.6678837e-05
467,0.99997795,4.8271563e-08,1.6823144e-05,5.1586467e-06,4.921387e-08
468,0.9998246,8.14474e-07,0.00017388807,7.8833716e-07,5.3146398e-08
469,0.00055269,0.00020204717,0.00011030076,0.99911267,2.236645e-05
470,1.270204e-06,8.674162e-10,1.2005997e-06,2.132372e-07,0.99999726
471,0.00015446608,0.9998165,2.4221923e-05,4.768542e-06,5.5239564e-08
472,0.9999558,2.8762834e-06,4.0945444e-05,4.460203e-07,1.884499e-09
473,0.99979836,1.4693649e-05,0.00011976567,6.0893555e-05,6.338299e-06
474,5.927847e-05,7.800517e-06,0.9998679,6.491971e-05,2.3665116e-08
475,3.595404e-05,0.00018507951,0.9988444,0.0009344767,8.9942546e-08
476,0.99991643,1.582959e-07,6.0935316e-05,4.4997648e-07,2.2104969e-05
477,3.7626683e-05,1.8948298e-06,2.9935965e-05,5.4970522e-05,0.99987555
478,0.00035104764,7.0061037e-06,0.99858654,0.001052912,2.4637848e-06
479,0.99999356,3.5064093e-07,7.603842e-07,5.4047323e-06,1.396147e-08
480,0.99989045,1.0012505e-05,7.286632e-05,2.0520498e-05,6.1901596e-06
481,5.3788695e-05,5.884585e-07,0.9999455,1.4604467e-07,6.6805765e-09
482,0.9998579,9.724478e-07,0.00013926854,1.8890424e-06,6.985539e-09
483,0.9998122,7.0170616e-05,0.000114498565,3.0668855e-06,1.660395e-07
484,0.99755126,1.2062889e-06,0.0024317016,1.584708e-05,5.2829613e-08
485,0.00060062396,7.112884e-05,0.9991221,0.00020419051,1.9103188e-06
486,3.4445817e-05,0.0002353428,1.2603463e-05,0.99968064,3.696441e-05
487,0.99999964,1.9363092e-07,1.7664495e-07,1.8182543e-08,4.2108113e-09
488,2.5694833e-06,0.00036424646,0.00019149433,0.9994417,2.3225024e-09
489,0.99012506,0.0035119706,0.005716943,0.0006027959,4.330596e-05
490,3.6406436e-06,8.7245335e-06,0.99996626,2.1320844e-05,1.03008475e-07
491,0.9995536,0.00026012634,1.3213479e-05,0.00015333731,1.9709461e-05
492,0.9999877,2.6045984e-07,6.7636956e-06,1.5385677e-06,3.7031011e-06
493,0.9981462,8.652576e-06,0.0016894826,0.00015468731,9.709069e-07
494,0.000108607805,0.00019874846,0.99969137,1.315076e-06,8.912848e-09
495,0.00023715534,0.0008117712,0.0007276396,0.9981505,7.291212e-05
496,0.9998041,9.87454e-07,0.00011121669,8.3486884e-05,2.2221349e-07
497,0.00072117674,1.2283069e-05,0.99857664,0.0006892955,5.931041e-07
498,8.068423e-07,0.9999976,1.4650811e-06,6.363761e-08,5.923517e-11
499,0.9999722,1.3421523e-05,6.493549e-06,7.8567155e-06,1.2953163e-07
500,0.9999995,4.5636529e-07,2.6455276e-09,2.0482444e-08,1.12536244e-10
501,0.00038807213,4.8267902e-05,0.9995202,4.317626e-05,3.1118418e-07
502,6.184193e-05,0.00063667906,0.9992836,1.7782879e-05,1.0570819e-07
503,0.99995315,1.2335361e-05,3.2828357e-05,1.0958889e-06,6.453996e-07
504,0.00010674453,0.99944586,5.933926e-06,0.00044139056,8.751042e-08
505,1.0201731e-05,2.3487115e-07,4.431098e-06,4.9866307e-05,0.99993527
506,0.9999943,6.3989853e-07,3.4414734e-06,1.6563299e-06,1.2445269e-08
507,0.9988243,0.00077775307,0.00010259645,0.00018501877,0.000110218985
508,5.9968654e-05,1.4688644e-06,0.9999378,7.4822543e-07,9.142226e-09
509,0.0018896005,0.00016400084,0.99717546,0.00076709816,3.860492e-06
510,0.9999987,4.9159727e-08,1.1735469e-06,5.3992835e-08,9.858662e-10
511,0.9993012,4.100128e-06,0.0006769626,1.7513736e-05,2.5099877e-07
512,9.926268e-05,4.51663e-05,0.00023654664,0.9995939,2.5166106e-05
513,0.00016552272,0.00011701899,0.00057661894,0.9991304,1.0527422e-05
514,6.3056386e-06,5.074346e-05,9.652071e-05,0.999843,3.3770484e-06
515,0.9951231,0.0013063629,0.0035542338,7.3542387e-06,9.005139e-06
516,0.99978775,9.060898e-06,0.00014340745,3.6914047e-05,2.2858962e-05
517,0.99999154,4.532961e-06,8.4112446e-07,2.9560492e-06,9.4056e-08
518,0.9999603,1.5973588e-06,5.07444e-06,3.2598848e-05,3.283604e-07
519,5.89843e-05,2.3645993e-05,0.9997063,0.00012952788,8.15105e-05
520,0.0012053731,4.726444e-06,0.99842876,0.00035988947,1.3253533e-06
521,0.0006531356,2.9637735e-07,3.7307657e-07,2.1926586e-05,0.9993242
522,0.9999913,1.1570081e-06,7.117921e-06,3.3611246e-07,2.8784255e-09
523,2.9992958e-07,0.9998665,0.0001322882,9.1007263e-07,2.3706745e-11
524,3.3575554e-06,0.99992585,3.6658452e-08,7.0770846e-05,4.3578946e-11
525,0.9998547,5.3387197e-05,8.8812885e-05,2.860606e-06,2.1467685e-07
526,7.928616e-05,4.451189e-06,3.439178e-05,0.9998777,4.19858e-06
527,0.00025582622,8.728429e-07,0.9996655,7.738921e-05,3.8972823e-07
528,0.9992423,0.00048486027,8.8971545e-05,9.629213e-05,8.752478e-05
529,5.2861054e-05,0.00034885766,0.99953127,6.430555e-05,2.8200905e-06
530,0.99995863,5.8475155e-07,4.0547264e-05,2.9365435e-07,2.261604e-09
531,0.99995935,1.3273365e-05,1.1225375e-05,1.548982e-05,7.36203e-07
532,8.725045e-06,2.5075367e-06,0.99998856,2.6028877e-07,1.8526655e-10
533,0.00047700817,2.31308e-06,9.659116e-06,2.8288287e-07,0.99951077
534,0.9996394,1.878976e-05,2.1420632e-05,0.00031559687,4.7555322e-06
535,0.9999883,7.1469606e-07,1.0810062e-05,1.2503804e-07,1.4073476e-08
536,9.697382e-06,0.99980813,4.757596e-06,0.00017743032,6.640546e-09
537,0.99850947,0.0014556692,1.1426134e-05,2.322141e-05,2.2976117e-07
538,0.99999785,1.342023e-07,1.9227157e-06,8.19044e-08,6.7838712e-09
539,0.9999993,7.13374e-07,2.5846589e-08,5.914222e-08,1.2645547e-10
540,6.2024037e-06,1.0146963e-06,1.1532647e-05,0.99998116,5.1125227e-08
541,0.99999833,8.372374e-07,1.929085e-07,5.559473e-07,6.8616677e-09
542,3.0172728e-06,6.8790666e-07,5.169963e-06,0.00027855067,0.99971265
543,5.5453635e-05,3.1200823e-05,0.99988234,3.097975e-05,1.3982277e-08
544,0.9994018,5.753853e-06,0.0005781432,1.3721311e-05,5.650374e-07
545,0.99995565,7.45983e-07,1.4607415e-05,2.864765e-05,2.6623894e-07
546,0.00015948598,0.9998288,7.973531e-06,3.7432965e-06,1.5965631e-09
547,0.99995947,1.988024e-07,3.9517545e-05,7.533828e-07,3.2595957e-09
548,0.9998628,0.00013287224,3.6821177e-07,3.9405927e-06,2.0447484e-08
549,0.99973804,0.00020139966,5.614941e-05,1.3805819e-06,3.1083096e-06
550,2.2081156e-05,8.9330015e-06,0.0010208125,0.9989164,3.1763706e-05
551,0.9999856,1.3972536e-06,4.914129e-07,8.7005565e-06,3.851894e-06
552,0.9999869,4.590574e-06,7.2365738e-06,1.2682266e-06,2.9779187e-08
553,6.300615e-05,0.9999038,3.5559094e-06,2.973303e-05,6.4261814e-09
554,0.000104198305,0.0004675434,0.99933213,9.609795e-05,1.1674953e-08
555,0.9998826,4.198414e-05,2.332846e-05,4.835872e-05,3.6387876e-06
556,0.00067737896,3.2865908e-06,0.99930227,1.6990542e-05,4.3798416e-08
557,0.9981201,6.4635016e-05,0.0010084995,4.7702888e-05,0.0007589909
558,4.173546e-05,3.5438938e-05,9.9271265e-06,0.99990785,5.0657754e-06
559,0.9999999,8.586294e-08,6.9841724e-09,1.8867556e-08,2.8836345e-11
560,0.00034220694,1.7178045e-05,0.99932075,0.00031086427,8.965967e-06
561,3.476971e-06,2.387778e-06,0.9999907,3.3704746e-06,7.063097e-08
562,1.25286215e-05,0.9974017,0.0025845538,1.2405205e-06,1.1733928e-10
563,0.99999523,4.1561884e-06,9.044896e-08,4.9861205e-07,1.3958692e-09
564,0.99995804,2.2986642e-05,7.959752e-06,1.0418141e-05,5.53437e-07
565,2.5907043e-06,0.9991153,1.9217729e-05,0.00086291204,4.9885907e-10
566,1.0,3.750616e-08,2.4276472e-08,5.3843765e-09,3.72356e-11
567,0.9999751,2.1676303e-06,5.693245e-06,1.6588028e-05,4.8168994e-07
568,0.99996734,1.4188198e-06,3.059822e-05,6.590088e-07,4.5398902e-08
569,0.99541086,0.004482614,4.1727395e-05,5.4365464e-05,1.0409281e-05
570,0.99977726,1.42938625e-05,0.00019910627,9.226673e-06,1.4221213e-07
571,1.6985414e-05,6.8945506e-06,0.99997497,1.1234284e-06,2.8922095e-08
572,0.9997943,5.9262795e-05,0.00013722912,6.5686236e-06,2.7945441e-06
573,0.99844295,4.5649026e-06,0.0015083349,4.409529e-05,2.6438556e-08
574,0.9999149,1.7144218e-07,7.761535e-05,7.1912477e-06,1.17451954e-07
575,5.972067e-05,7.444605e-06,0.9999291,3.815176e-06,4.8959436e-08
576,0.0015812763,0.0017688887,0.996412,0.00018479332,5.301238e-05
577,3.716932e-05,1.4151879e-05,0.99993956,6.2125523e-06,2.8875488e-06
578,0.9999547,7.19247e-07,4.020529e-05,4.269429e-06,8.247367e-08
579,0.9998411,4.7365768e-07,8.491741e-05,7.321658e-05,3.3607287e-07
580,1.8339904e-06,1.0340383e-05,2.7504427e-06,0.9999813,3.7910054e-06
581,9.647614e-05,1.511487e-05,0.00018310154,0.00042506098,0.9992803
582,0.00020912653,1.1056167e-07,0.9997886,1.8610033e-06,2.9678444e-07
583,9.4652995e-07,6.50395e-06,8.7127347e-07,0.9999887,2.9725675e-06
584,0.00026703806,0.00014199161,0.99941885,0.00017095129,1.1819899e-06
585,0.99999976,1.0205399e-08,2.9096486e-07,3.62709e-08,2.6463598e-10
586,0.0008542937,0.0013398532,5.1957468e-05,0.997741,1.2961834e-05
587,7.939074e-06,0.000113733426,0.99987066,7.6008596e-06,4.12674e-09
588,2.2877384e-07,6.2301056e-06,1.9629583e-06,0.99999154,2.2313897e-08
589,4.151963e-06,1.6699612e-06,0.00038106242,0.9996123,9.2071986e-07
590,1.0,1.0281129e-08,9.769633e-09,4.2805675e-09,1.6372176e-11
591,0.00015155382,5.2889685e-05,0.99972457,4.1747277e-05,2.923298e-05
592,0.99992037,7.426122e-05,4.3589043e-06,3.0291926e-07,5.3999196e-07
593,0.0015511974,0.0002267998,0.0019328194,0.9962547,3.4438828e-05
594,6.4362223e-07,2.2038668e-08,2.3586972e-06,1.6988151e-06,0.99999535
595,0.9901551,0.00016172341,0.009609967,6.6312554e-05,6.8195054e-06
596,0.9999908,3.6040814e-07,3.775423e-06,4.964797e-06,4.5498676e-09
597,1.6736682e-05,0.0030549022,0.9966409,0.0002871611,1.9717807e-07
598,0.000481219,0.00013331199,9.3495015e-05,0.9992894,2.6071784e-06
599,3.454825e-05,0.00022589992,3.3282606e-05,0.999686,2.0233525e-05
600,0.999964,1.7408622e-06,1.5619751e-05,1.8505623e-05,7.399225e-08
601,0.0007337329,0.00018053752,0.00014201425,0.9989236,2.008348e-05
602,8.728639e-05,3.3210033e-06,0.00014896151,1.3783685e-05,0.9997466
603,5.478175e-06,0.99959654,3.955579e-05,0.00035814047,2.7306265e-07
604,7.78437e-06,9.275416e-05,0.99988914,1.0364843e-05,1.2517727e-09
605,0.99978584,0.00017657729,1.5457976e-05,2.1923164e-05,2.3357143e-07
606,0.99998605,3.5330227e-06,7.165525e-06,8.18059e-07,2.4334988e-06
607,0.9999994,4.568952e-09,5.7909136e-07,9.419385e-09,2.1146916e-10
608,0.9999913,2.1374942e-07,6.972863e-06,1.5535193e-06,1.8163606e-08
609,0.9981918,4.815064e-05,0.0017480667,1.15014755e-05,5.3864676e-07
610,0.99999845,5.9218564e-07,3.3143323e-07,5.252321e-07,6.917863e-08
611,0.9999945,1.0956285e-07,1.724168e-06,3.740323e-06,5.652139e-09
612,0.99562114,8.24079e-05,0.0042618057,3.323654e-05,1.45983e-06
613,0.0011219609,7.353292e-06,0.99857485,0.00029572463,7.6085776e-08
614,0.0025695357,3.2819746e-05,0.9941869,0.0032004716,1.0269901e-05
615,1.4242785e-06,0.0031238622,4.5324796e-05,0.9968257,3.7830484e-06
616,0.99944216,3.0120555e-06,0.00039420032,9.453638e-06,0.00015110249
617,0.99909055,4.795035e-06,0.00071778207,0.0001856364,1.1489167e-06
618,0.00016628487,4.0211013e-05,1.16537385e-05,0.9997795,2.3882942e-06
619,0.9996469,0.00020627805,0.00014100129,5.6026643e-06,2.7250897e-07
620,3.4964862e-06,0.9999877,3.239263e-07,8.510552e-06,9.503165e-10
621,0.00095064024,7.2151524e-06,6.625377e-05,8.584101e-05,0.9988902
622,0.9999224,1.2836771e-06,7.0340575e-05,3.681672e-06,2.2878517e-06
623,7.3689094e-05,0.00020537592,0.9997061,1.422959e-05,5.066848e-07
624,3.491301e-05,0.99955314,0.00040557483,6.2744093e-06,3.726219e-09
625,0.99988127,1.9652884e-05,8.7608816e-05,1.1340769e-05,1.3460253e-07
626,6.2914937e-06,1.01061005e-05,6.869148e-07,0.9999796,3.2382284e-06
627,3.983263e-06,1.6658018e-06,1.187323e-05,0.99998033,2.1831431e-06
628,0.9995858,3.875816e-05,0.00026108013,9.252744e-05,2.1826474e-05
629,2.7988056e-06,3.202753e-08,1.52075645e-05,3.91597e-05,0.9999428
630,0.9999982,1.00761476e-07,1.5589306e-06,8.695879e-08,3.3757655e-10
631,0.0017297802,0.9969798,9.583294e-06,0.0012808575,5.2032256e-08
632,0.99993575,5.5891705e-05,4.3931755e-06,3.9470447e-06,1.9510686e-08
633,4.028137e-06,0.99857366,0.00010024206,0.0013220342,6.3462173e-09
634,6.236539e-05,1.3377587e-07,2.754887e-05,1.7197021e-06,0.9999082
635,0.9999951,2.4307885e-06,2.3071423e-06,1.9656188e-07,2.7176508e-08
636,0.99999166,1.9109423e-06,7.932333e-07,4.6023965e-06,9.162289e-07
637,0.00043586228,0.00036916952,2.7398135e-05,0.999158,9.579488e-06
638,5.700573e-06,2.0757843e-05,2.2259544e-06,0.99997115,1.5511363e-07
639,0.00023567404,2.9941125e-06,0.9996203,0.00013841156,2.5813274e-06
640,0.99967515,6.9496364e-06,0.0003139858,3.247087e-06,6.4045923e-07
641,0.99963665,4.8052135e-07,8.8625755e-05,0.00027205166,2.09452e-06
642,0.9999999,1.2564242e-07,1.706398e-09,1.699513e-08,8.280099e-12
643,0.996278,5.80166e-06,0.0036862586,2.9412167e-05,6.3697536e-07
644,4.5661313e-06,0.9999907,9.664485e-07,3.870656e-06,1.6960953e-10
645,0.0002528573,3.3557033e-05,0.9996921,2.1310443e-05,2.7943608e-07
646,0.99685174,0.001874403,0.00085324177,0.0003991934,2.1400616e-05
647,6.6988887e-06,3.2058125e-07,0.99999297,3.9085602e-08,3.3960393e-10
648,0.9987219,0.00028920427,0.00011601695,0.000692066,0.00018084378
649,0.99919516,0.00018490381,0.0005697185,4.504842e-05,5.1491156e-06
650,0.0003627119,6.0351897e-05,4.025786e-05,0.99948466,5.1962226e-05
651,0.999329,1.403634e-06,0.00013928981,0.00020065616,0.0003297957
652,0.9999778,3.32304e-07,1.8991279e-05,2.8866903e-06,9.8896855e-09
653,4.6067646e-05,0.0003406367,0.00011113241,0.9994837,1.8471897e-05
654,0.00010100252,6.840589e-05,0.9997969,3.3655677e-05,6.633892e-08
655,0.99892634,2.309191e-06,0.0010616143,9.519779e-06,2.8913556e-07
656,0.00058655103,4.8759015e-05,0.99747866,0.0018675723,1.8459876e-05
657,0.99999297,1.9121753e-06,1.5128816e-06,3.4946509e-06,9.707549e-08
658,0.99986637,7.141654e-05,5.6622863e-05,5.270063e-06,3.5001702e-07
659,0.99991465,4.734338e-05,2.1214904e-05,1.4739699e-05,1.9902086e-06
660,0.0022098008,9.6312964e-05,0.9963826,0.0013111535,8.777063e-08
661,0.00019822453,0.9992092,0.000430791,0.00016181315,1.1614108e-08
662,0.0064198216,0.0034651353,0.98939896,0.000426604,0.00028956484
663,0.0010200384,2.4081123e-07,3.3952412e-05,2.7071601e-05,0.9989188
664,0.9997098,0.00022442921,4.603076e-05,1.9486413e-05,2.0964906e-07
665,0.9992829,3.2763405e-06,0.00070619694,7.522519e-06,1.502785e-07
666,2.2870377e-06,2.5429774e-06,3.7062028e-07,0.99999475,4.6483688e-08
667,0.00023750169,0.0004137058,0.9993243,2.420074e-05,3.0709086e-07
668,0.9998392,2.1948422e-06,0.00015394179,2.2700274e-06,2.3887942e-06
669,0.00010377608,7.455915e-05,0.99967575,0.00014591779,4.0160546e-09
670,5.1531617e-05,0.999895,1.49788175e-05,3.8520902e-05,2.3244878e-08
671,9.137377e-07,1.6131422e-06,1.2520941e-06,0.9999956,5.5542165e-07
672,0.00042285115,1.4291723e-05,0.9992663,0.00029153263,5.0892995e-06
673,0.9989526,0.001018969,8.687211e-06,1.604976e-05,3.7114985e-06
674,0.0005123161,7.6955035e-07,0.99947745,9.514408e-06,1.0477428e-08
675,2.6164454e-07,9.5321843e-07,0.9999987,1.4316007e-07,2.6140298e-10
676,5.729514e-07,9.550748e-06,0.9999888,5.72782e-07,5.304496e-07
677,0.999972,1.5920645e-05,8.643308e-06,3.2826047e-06,8.4362036e-08
678,0.0019812547,0.0002964152,0.99636394,0.00037579378,0.0009826277
679,0.00026455167,0.00036836838,0.000136212,0.9990281,0.00020278967
680,1.6577237e-06,0.9997588,0.00017902862,6.057277e-05,4.4419735e-09
681,0.9999813,6.296435e-07,3.011244e-06,1.4248188e-05,8.1502594e-07
682,0.9995765,0.00012756935,0.00025867345,3.5507022e-05,1.7227208e-06
683,0.9999691,1.0267888e-06,2.463969e-05,2.6944965e-06,2.498739e-06
684,1.31447e-05,0.00024855815,0.0006679804,0.9990577,1.2663129e-05
685,0.99803907,0.0013175039,0.00039267787,9.711533e-06,0.00024114165
686,6.765369e-05,0.99966896,4.5966153e-05,0.0002173899,1.18995604e-08
687,0.99998057,1.2481904e-07,1.8469627e-05,3.7443053e-07,4.945067e-07
688,7.457505e-05,4.8992724e-06,4.685446e-05,0.9998727,9.803481e-07
689,0.0003388959,0.0013690679,2.9928894e-06,0.9982767,1.2355924e-05
690,0.99986017,1.6352165e-07,0.00013944655,1.7685055e-07,9.096e-09
691,0.9971264,0.00038054297,0.0020139653,0.00042250872,5.65679e-05
692,4.8136116e-07,0.99998856,8.343308e-06,2.6690425e-06,9.54498e-12
693,0.9999937,9.1354565e-08,5.9235485e-06,2.5674905e-07,1.5878577e-09
694,0.00019185926,0.0001922877,0.9991999,0.0004156481,2.6754648e-07
695,0.00011707204,0.99802774,0.0017373663,0.00010845789,9.318903e-06
696,0.99921393,4.749471e-06,0.00070105563,7.6544464e-05,3.6794709e-06
697,0.99981457,1.4728709e-05,1.0578196e-06,2.3662324e-06,0.00016739381
698,0.0007368918,4.504531e-06,0.00034595223,0.00032131153,0.99859136
699,0.9997216,4.2819272e-05,0.00016653963,6.7840745e-05,1.231461e-06
700,0.9999473,6.3665647e-07,1.9705607e-05,3.0618892e-05,1.7402571e-06
701,0.001462494,0.00014897526,0.00028249947,0.99810314,2.845205e-06
702,0.9999509,3.096936e-08,4.446625e-05,1.4953072e-06,3.1015709e-06
703,5.4028984e-05,4.834912e-07,1.9585661e-05,3.01594e-05,0.9998958
704,0.00014627526,0.00031968806,3.9006177e-06,0.9995276,2.5568972e-06
705,9.730419e-05,0.00011550818,0.99887866,0.00059974793,0.0003087971
706,1.0421495e-05,4.7639944e-05,0.9999337,8.273735e-06,3.3997412e-09
707,5.884632e-05,0.00031278914,0.99960834,2.000727e-05,6.195144e-08
708,0.99969506,7.521134e-05,0.00019503295,3.426882e-05,4.1250118e-07
709,4.022343e-06,1.6895932e-05,8.11911e-05,0.00029823525,0.99959964
710,6.57981e-05,0.99950516,0.00013170864,0.00029729016,7.832196e-09
711,0.99999917,4.3399817e-07,8.1838614e-08,3.032215e-07,1.6747715e-09
712,0.00013627824,0.0015058533,0.00076924736,0.9975733,1.5290609e-05
713,2.7377311e-05,0.9999547,5.7099737e-06,1.2135535e-05,6.092831e-10
714,1.1670349e-05,0.9992986,3.205599e-06,0.0006865737,5.947361e-08
715,0.002709347,0.99699414,0.00015118702,6.847608e-05,7.6812976e-05
716,0.00016740253,1.40462425e-05,9.8185836e-08,0.99980754,1.0947762e-05
717,1.3775224e-05,1.2188599e-05,0.99991083,6.3000945e-05,2.2346094e-07
718,0.9999999,4.6444047e-08,3.1816494e-08,1.6503945e-08,1.7469857e-11
719,0.001381791,0.0055200784,0.00022052985,0.9927262,0.00015134622
720,0.99984634,4.030737e-06,0.00013371895,1.5396086e-05,4.3824247e-07
721,0.999744,6.994303e-05,2.508692e-05,0.00015949464,1.5801622e-06
722,0.0015614755,0.0001672436,0.99819463,7.526803e-05,1.3493584e-06
723,0.9995629,4.1444653e-07,1.1907976e-05,0.00042468758,2.5890609e-08
724,6.614303e-05,0.9991893,0.00030074653,0.00044372235,3.855777e-08
725,0.9998503,5.1355255e-05,1.1834585e-05,8.637491e-05,1.7507672e-07
726,0.00037487104,4.99036e-05,0.99952614,4.890861e-05,2.727207e-07
727,7.766061e-06,0.99987555,2.5106907e-05,9.159784e-05,7.650301e-09
728,0.000105260275,0.00023610449,3.2963675e-05,0.9996227,3.0049098e-06
729,4.0322175e-05,1.0971848e-05,0.0003198982,0.999559,6.986675e-05
730,0.000113518705,0.99970335,6.5001266e-05,0.00011809967,5.4971587e-09
731,0.9999243,8.835423e-07,6.1835155e-05,8.711606e-06,4.3464725e-06
732,0.9999751,1.7067255e-07,2.085589e-05,3.8784888e-06,2.197698e-08
733,0.9996438,2.6596917e-05,0.000327639,1.4409964e-06,6.451778e-07
734,0.99998426,2.402963e-06,1.0447925e-05,2.675854e-06,7.008821e-08
735,4.0232164e-05,0.0001907028,1.9179886e-07,0.99976844,4.2388805e-07
736,0.0018984043,0.00015715534,5.307773e-06,0.9979377,1.4843084e-06
737,5.333863e-06,2.3783607e-05,2.5828112e-07,0.9999703,2.3428252e-07
738,0.00018138527,1.0049022e-06,0.9998122,5.3657614e-06,1.2819996e-07
739,0.00037018364,0.0031729515,0.9958561,0.00059214694,8.611608e-06
740,0.00020381075,7.337334e-05,0.9994937,0.00014353039,8.56083e-05
741,0.00037042177,1.8550759e-07,7.2722414e-06,3.2340697e-05,0.99958974
742,0.0063188393,0.9915991,0.0011667073,0.00046241062,0.00045288203
743,0.0005574711,0.00019357014,0.9992478,1.159603e-06,3.6424506e-08
744,0.9999975,9.265523e-08,2.0604894e-06,4.386683e-07,1.5659298e-08
745,5.1721567e-05,2.0666373e-07,4.9725062e-05,2.3647713e-06,0.99989593
746,1.0,2.3136633e-09,3.7843068e-10,1.13165886e-10,2.0761904e-13
747,2.4480347e-05,0.9998641,1.5513195e-05,8.796916e-05,7.947384e-06
748,0.99833953,6.2504405e-05,0.0009719058,0.00040241177,0.00022373913
749,1.2251469e-05,5.5990866e-05,0.00019277456,0.9996933,4.5700024e-05
750,0.99999344,6.5934285e-07,7.484255e-07,5.1415614e-06,3.2705508e-08
751,0.99999774,4.6851953e-09,1.6369668e-06,5.3815876e-07,3.0041598e-08
752,1.9634354e-05,0.99997735,1.5137311e-06,1.5135709e-06,9.0572233e-10
753,0.99883217,0.0003882972,0.00052715803,0.0002520317,3.2721294e-07
754,0.0004113397,0.0001155805,0.99732274,0.0021502073,1.4622947e-07
755,0.9999969,3.6655376e-07,2.7516976e-06,3.3221987e-08,3.173396e-09
756,6.588168e-05,3.2303863e-06,0.0006641084,0.0006227914,0.99864393
757,0.9999802,8.5600965e-07,1.6937172e-05,1.9061081e-06,1.7408647e-07
758,0.9997975,3.5210982e-05,0.00010839014,5.823297e-05,7.517401e-07
759,0.00016699606,0.00048845913,0.9992974,4.2073734e-05,5.0713134e-06
760,0.9999895,6.828716e-06,3.3187514e-06,3.2823004e-07,4.262029e-09
761,1.6688582e-05,0.99997425,6.696605e-06,2.4113779e-06,3.5782846e-09
762,0.99987984,4.8034544e-05,2.9353774e-05,4.2310483e-05,4.2675734e-07
763,0.0021817472,0.0003777646,0.9944669,0.002814734,0.00015876385
764,8.408793e-06,1.8668045e-08,1.9869036e-08,2.0963051e-07,0.9999913
765,0.0015856771,0.9983308,1.2021093e-05,7.049419e-05,1.067745e-06
766,2.4870567e-05,3.1899774e-05,1.2026701e-05,0.9999306,5.6982856e-07
767,9.461508e-05,0.0012468527,1.8480647e-05,0.9986248,1.522659e-05
768,0.99999976,8.158428e-09,6.511706e-08,1.4683484e-07,2.0922544e-09
769,1.9171193e-05,0.00040236392,0.9988017,0.0007253956,5.1298903e-05
770,0.00028597363,0.0002814957,0.0064064306,0.9928301,0.00019608247
771,0.99979323,2.4297382e-05,2.3168657e-05,0.0001243048,3.4994602e-05
772,1.0481049e-05,0.99808264,0.00022832461,0.0016784117,8.984276e-08
773,0.9976411,2.861173e-06,0.0022890249,5.6513658e-05,1.0544028e-05
774,0.99986553,4.4549633e-05,3.8079781e-07,1.2267285e-05,7.727172e-05
775,1.6634562e-05,0.9992586,0.00010961277,0.0006151358,6.0438644e-08
776,0.99991095,1.5346981e-06,4.420934e-05,3.6871024e-05,6.4001524e-06
777,2.098152e-06,5.8140137e-09,2.1728418e-08,8.0246787e-07,0.999997
778,1.1940433e-05,0.9973073,6.4702464e-05,0.0026080979,7.99319e-06
779,4.9896694e-06,0.9999794,4.5484735e-06,1.1077066e-05,4.618211e-10
780,5.0975477e-06,0.99967337,0.00027087153,5.0703267e-05,5.6397185e-09
781,3.777122e-05,0.0014446654,0.0026567914,0.9957754,8.540149e-05
782,0.99950457,0.0003580193,0.0001295886,7.2940766e-06,4.19483e-07
783,0.9994412,2.9054274e-06,0.0004674023,8.7730754e-05,7.064364e-07
784,8.047846e-05,2.1304886e-05,0.99986136,3.639795e-05,4.639377e-07
785,3.3413526e-05,1.9267925e-07,2.9144852e-07,2.0568982e-06,0.9999641
786,3.042004e-05,2.7206008e-07,0.0002519774,1.5103411e-05,0.9997023
787,9.884565e-06,0.99996185,2.769127e-05,5.459751e-07,7.330803e-10
788,4.4916164e-06,7.251556e-05,0.00014826548,0.99976283,1.1907904e-05
789,3.9158914e-07,0.99999046,1.7486705e-06,7.4185964e-06,4.620974e-11
790,0.0006699804,0.9991381,9.468408e-06,0.00016828688,1.4065649e-05
791,0.9996432,2.0777095e-05,0.00032864834,6.587365e-06,7.642814e-07
792,2.4501227e-05,2.7090218e-05,1.6273263e-05,0.9999318,3.9386123e-07
793,0.99999225,1.5652482e-06,4.0803816e-06,2.1175526e-06,1.58435e-08
794,3.7722195e-05,5.507454e-05,7.962996e-05,0.9998272,4.50736e-07
795,2.786254e-06,0.9999943,2.4294354e-06,4.4097723e-07,2.0233809e-10
796,0.00012033032,0.99987555,3.550726e-06,4.071302e-07,1.7382986e-07
797,0.9979588,0.0019108689,9.7025906e-05,3.2337237e-05,9.320956e-07
798,7.879538e-05,0.99869615,0.00047581326,0.0007366121,1.2647904e-05
799,3.693872e-05,1.3464773e-06,3.815825e-06,9.390775e-06,0.9999485
800,0.9995459,3.5962767e-08,0.00044984,1.1786381e-06,3.0806534e-06
801,5.0636622e-06,2.5897272e-05,0.9999503,1.7820419e-05,8.523883e-07
802,0.99996173,4.571729e-06,5.239209e-06,2.731864e-05,1.1145041e-06
803,0.9998223,3.1332738e-07,0.00015229947,2.4187879e-05,8.524182e-07
804,0.99996793,1.1210131e-05,1.900658e-05,1.9383606e-06,5.6282285e-08
805,0.9999405,3.686097e-05,1.55515e-05,6.5759655e-06,5.491027e-07
806,0.9999994,1.2002903e-07,2.7894387e-07,2.0001244e-07,3.4129313e-10
807,0.99998593,1.3430023e-06,7.959724e-06,7.330321e-07,4.01453e-06
808,0.99998677,5.683121e-07,1.2124922e-05,5.054567e-07,2.7750952e-08
809,0.99986136,5.9678543e-05,7.872671e-07,1.6107698e-07,7.790575e-05
810,7.498e-05,4.3928234e-05,0.00017639258,0.99959666,0.00010798221
811,1.1578205e-06,2.6274407e-05,0.0004858006,0.9994173,6.937724e-05
812,0.0002829499,0.0003757862,0.9977896,1.282448e-05,0.0015388217
813,3.194914e-07,0.99967754,0.00015218044,0.00016988795,2.4184486e-09
814,0.9999149,6.0366932e-05,1.0038413e-05,1.4243642e-05,4.373577e-07
815,0.9999995,4.729585e-09,3.7764332e-07,6.496049e-08,1.487795e-10
816,0.9973341,0.0025058426,0.000117031064,4.181448e-05,1.330954e-06
817,0.00012639682,0.003149763,1.5894306e-05,0.99669373,1.4147963e-05
818,0.00014975955,4.6335637e-07,3.2452408e-06,9.823714e-06,0.9998368
819,0.99973327,4.1694298e-06,0.00024452305,1.7583981e-05,2.9974376e-07
820,9.703348e-05,0.0015773538,0.99820125,0.00012240322,1.9813751e-06
821,7.097962e-05,0.0004940188,0.0001727273,0.9992163,4.5950204e-05
822,7.68672e-05,6.564366e-06,0.99986684,4.9247254e-05,4.9348705e-07
823,8.491663e-06,2.7826009e-06,1.8062241e-05,0.9999697,9.45122e-07
824,0.99974984,9.6928925e-05,4.966989e-05,8.834801e-05,1.509605e-05
825,0.9999989,7.378259e-08,8.22262e-07,2.2327994e-07,1.7376852e-08
826,0.99898547,1.6246006e-05,0.00024038942,0.00074913586,8.646269e-06
827,0.99992716,1.3157362e-06,7.1436014e-05,1.1714598e-07,1.35973846e-08
828,2.6737787e-08,0.99999917,7.435019e-07,8.2182275e-08,1.8492094e-12
829,0.99999225,1.3384971e-06,6.2230974e-06,2.022068e-07,8.334109e-09
830,0.0006805698,0.0001288572,0.0002599876,0.9988881,4.2510746e-05
831,0.9999547,7.8469145e-07,4.3632444e-05,8.7231143e-07,1.4671699e-08
832,0.9998629,4.6910313e-06,0.0001263346,5.8955434e-06,1.739867e-07
833,0.99842274,6.6394546e-06,0.0015559798,1.45575505e-05,1.0253177e-07
834,3.800705e-07,8.1585815e-05,1.5299944e-05,0.9998859,1.6913575e-05
835,1.17187465e-05,3.335082e-07,1.17491045e-05,1.362369e-05,0.99996257
836,0.9999664,5.8465208e-08,3.3124063e-05,4.242818e-07,8.325965e-09
837,0.9998853,1.021393e-06,6.4944994e-05,3.210923e-05,1.6514408e-05
838,0.99955136,0.00014388267,6.464047e-05,0.00023482413,5.349577e-06
839,7.938245e-08,4.0130208e-06,6.2395503e-07,0.99999523,1.5928263e-08
840,5.18439e-05,0.99985313,1.3153183e-05,8.1774444e-05,1.165264e-07
841,0.00077398936,2.8835966e-05,0.99916196,3.508251e-05,1.210403e-07
842,0.99999714,4.373057e-07,1.7894307e-06,2.803578e-07,3.5280968e-07
843,2.2240232e-05,6.8794245e-05,1.0547333e-05,0.99977416,0.00012433421
844,3.4612776e-07,1.2306751e-07,1.6652686e-05,0.0003611475,0.9996216
845,0.99999344,9.899509e-08,1.2148262e-06,5.237002e-06,3.0187994e-08
846,1.1182251e-05,0.9999527,2.5349807e-05,1.0712625e-05,4.6762714e-09
847,6.1328516e-05,1.6948984e-06,1.2603052e-05,8.471781e-05,0.99983954
848,1.1770696e-05,0.00013766938,0.00052610796,0.9993144,1.0000307e-05
849,3.9203064e-06,0.999838,8.989556e-05,6.815851e-05,1.9508026e-09
850,0.0011068145,1.526782e-05,0.9979121,0.0009647815,1.1124192e-06
851,0.99987125,3.610042e-07,0.00011201903,1.6381176e-05,2.0182238e-08
852,7.729293e-06,0.9999757,3.5528803e-06,1.304059e-05,7.963467e-10
853,0.00012071205,5.453404e-06,0.9998672,6.5356835e-06,2.87034e-08
854,0.9999274,2.5542522e-07,6.273129e-05,4.810277e-06,4.8414577e-06
855,1.8621358e-05,0.9994276,8.1228325e-05,0.00045543717,1.6996773e-05
856,0.0032683343,7.747764e-05,0.9957515,0.0008564265,4.615516e-05
857,0.9999833,1.9398651e-07,1.6242704e-05,3.128618e-07,5.196588e-09
858,1.2854811e-06,7.808356e-07,5.7749276e-08,0.99998593,1.1946385e-05
859,0.99984205,8.321086e-06,3.7365337e-06,0.0001456394,2.2209524e-07
860,0.9993656,4.556154e-06,0.0006116376,1.794267e-05,1.9336058e-07
861,0.00016877,2.3837741e-07,1.8499132e-06,8.520555e-06,0.99982065
862,9.941926e-06,4.5345816e-05,0.00019318353,0.9996314,0.00012006505
863,0.000493845,0.00074237684,5.334551e-05,0.99863666,7.37584e-05
864,2.1183609e-05,0.99990606,7.204388e-05,7.0476796e-07,1.8673816e-09
865,0.0002446083,0.00013583427,0.002682912,0.9965609,0.00037582594
866,0.00010557525,6.3850425e-06,0.9998343,5.27804e-05,9.4187374e-07
867,0.9999975,1.4981317e-06,2.886809e-07,7.267597e-07,2.6271334e-09
868,7.0075913e-07,0.0004361416,3.4168792e-05,0.99952805,1.0303529e-06
869,0.00015613087,7.159245e-05,0.0001143564,0.9996513,6.5516815e-06
870,0.9997646,0.00011719226,0.00011330642,4.576742e-06,1.9982878e-07
871,0.00075460016,6.870188e-05,0.9971444,0.0020322322,1.3160276e-07
872,0.9999875,8.157849e-06,4.817928e-07,3.8240214e-06,3.187186e-08
873,0.99999905,8.2676297e-07,2.9942388e-08,1.2822612e-07,1.8954702e-10
874,0.00029745288,5.256117e-05,0.9994973,8.0986065e-05,7.172779e-05
875,0.00039800766,4.5356086e-05,0.00022490596,0.9992219,0.00010977528
876,4.8453103e-06,9.419642e-09,6.8854945e-07,9.75999e-08,0.9999943
877,3.4290285e-06,0.00070449716,0.0002580266,0.9990004,3.3683365e-05
878,0.00021477327,1.6084003e-05,0.9997578,6.8999598e-06,4.37037e-06
879,0.99999464,7.233156e-07,3.981125e-06,6.7213267e-07,1.1079189e-09
880,0.9999995,2.7155075e-08,4.7211492e-07,2.1335616e-08,8.675919e-10
881,3.8272352e-05,0.00011354807,2.7652746e-05,0.9998123,8.22399e-06
882,0.00018590441,3.0306646e-05,0.9997757,3.984461e-06,4.13035e-06
883,0.99999785,3.5652683e-09,2.1307824e-06,4.805737e-08,2.8572358e-10
884,0.9999995,4.0786392e-07,3.3550516e-09,1.9681252e-08,2.704509e-11
885,0.0001528483,5.083099e-05,0.00018408596,0.99960953,2.639443e-06
886,0.99968815,3.5487082e-07,5.101429e-05,0.000260236,2.7155332e-07
887,0.99958545,0.00018596284,0.00021126901,1.6017771e-05,1.3184375e-06
888,0.99999905,3.8079162e-07,5.853281e-07,3.407158e-08,6.6077444e-10
889,0.9999747,1.9332006e-08,2.4962224e-05,2.663194e-07,1.4104289e-07
890,2.9542712e-06,1.4812915e-05,0.0006427479,0.0010077527,0.9983317
891,0.9999995,1.2626711e-09,4.2199687e-07,4.880426e-09,3.3523584e-09
892,0.99992883,3.8084153e-07,6.991447e-05,8.588414e-07,2.8213119e-08
893,4.335329e-05,1.1856641e-05,0.99994314,1.6679097e-06,1.8411315e-08
894,2.8189672e-06,0.9999957,1.2504785e-06,2.5181504e-07,8.434365e-11
895,0.999819,3.2409796e-06,0.0001755875,2.2457084e-06,5.1867367e-08
896,0.9999341,1.6463679e-05,2.6680129e-05,2.2362092e-05,3.2029223e-07
897,0.001814079,0.00023273373,0.0015412446,0.9964095,2.4885126e-06
898,0.0006150449,0.0009131819,0.998237,0.00023455248,1.273659e-07
899,0.99974173,1.1896512e-06,7.2129034e-05,0.00018486404,1.1656287e-07
900,0.9999982,3.4627297e-07,1.3275e-06,2.9464204e-08,6.808636e-08
901,0.9988865,4.208113e-06,0.0011017356,7.2147136e-06,3.2112808e-07
902,0.000943606,8.5439815e-06,0.9982791,0.00065498997,0.00011369184
903,0.9994711,6.5419445e-05,0.000459972,3.5013115e-06,2.9452943e-08
904,3.76821e-06,0.9998877,1.7618617e-06,0.000106787746,6.601092e-09
905,0.9997235,5.0020503e-06,0.00025058133,2.079062e-05,1.4910536e-07
906,0.99975854,0.0001908783,2.2171125e-05,2.6861313e-05,1.585674e-06
907,0.99479276,0.0047411337,0.0003618958,8.198908e-05,2.2182243e-05
908,0.0028635734,1.3199479e-05,0.9961653,0.0009286972,2.9266177e-05
909,0.99988544,1.8572192e-06,9.664925e-05,1.5986725e-05,1.2092521e-08
910,0.9999535,4.1568223e-05,2.2764964e-06,2.6792925e-06,3.3370036e-08
911,0.99990547,4.7179105e-07,9.345527e-05,1.09461396e-07,4.1992547e-07
912,0.9998599,8.504438e-07,0.00013068081,8.511169e-06,4.2928548e-08
913,8.041985e-06,1.8718712e-05,2.0601523e-07,0.9999727,3.0853434e-07
914,0.9999989,2.4736153e-07,3.6807796e-07,4.9494514e-07,8.470448e-09
915,0.99998033,1.1670467e-06,1.7205488e-05,1.0630326e-06,2.1508683e-07
916,0.99999785,1.3962755e-08,2.0663226e-06,5.6268085e-08,2.421287e-09
917,0.99981517,2.378868e-08,0.00018067278,4.138048e-06,1.0275027e-09
918,0.00011900016,2.0262298e-05,5.029369e-05,0.99981004,4.4036273e-07
919,0.99985695,5.125832e-05,3.2872907e-05,5.832208e-05,5.5050083e-07
920,0.9993401,4.229989e-06,0.0006192877,3.3196517e-05,3.2078667e-06
921,0.00010456021,1.08622235e-05,9.611479e-05,0.9997694,1.9046041e-05
922,2.5670724e-06,0.0009249343,0.00013327757,0.99891436,2.4962905e-05
923,0.99999845,8.179127e-08,1.1545694e-06,3.0232877e-07,6.304573e-10
924,0.0030091775,2.4131688e-05,0.9959341,0.0010267843,5.7396114e-06
925,0.9999957,2.8736466e-07,2.6710247e-06,1.4353251e-06,3.1245047e-08
926,9.4360075e-05,2.5632685e-06,0.00021824247,0.9996215,6.323718e-05
927,0.99986804,1.5317534e-06,0.0001288372,1.5409178e-06,4.289927e-08
928,0.9992322,1.4407423e-06,0.0007523127,1.390196e-05,7.027046e-08
929,0.0002720854,0.0011924738,0.9982666,2.820096e-05,0.00024055915
930,0.9999975,1.1271609e-09,2.5510437e-06,4.185315e-09,4.6250007e-11
931,0.9997825,6.037408e-07,0.00020769084,9.119158e-06,3.2800987e-08
932,3.939297e-05,1.809809e-06,0.00046109612,0.9994973,4.282759e-07
933,5.8176386e-07,0.99999845,9.608685e-07,3.7402806e-08,1.2367474e-11
934,0.9999118,6.902262e-05,1.0292344e-05,8.761687e-06,7.0088745e-08
935,1.7830145e-05,0.9998759,4.6098576e-06,0.00010169707,1.9833008e-08
936,1.2475663e-05,0.99995255,1.3370045e-05,2.1570719e-05,2.3851368e-09
937,0.0063091195,3.468358e-05,0.9932708,0.00038521385,1.82377e-07
938,7.5702854e-05,2.594757e-05,0.99987257,2.5618236e-05,5.1128254e-08
939,0.00016858337,0.00091488764,0.0012822071,0.99763155,2.7631654e-06
940,0.9992094,1.6855444e-06,0.000595765,0.00018683611,6.1360597e-06
941,3.7977188e-07,1.0566834e-05,1.174968e-07,0.9999887,2.6210145e-07
942,6.813324e-07,5.4170405e-06,1.229143e-06,0.9999927,1.43495535e-08
943,2.5274749e-06,0.99999297,4.4359026e-06,1.0732905e-07,4.2673916e-11
944,0.9963731,0.002658957,0.00078177545,0.00016843574,1.7646033e-05
945,0.00014554428,3.000258e-05,0.99974376,7.9731595e-05,9.544425e-07
946,4.987178e-05,0.00021993407,0.00042773227,0.99929,1.247576e-05
947,5.3618223e-06,0.9999895,2.8731822e-07,4.8555285e-06,5.8812244e-09
948,0.99997866,2.1145783e-07,9.375997e-06,9.756544e-06,1.947427e-06
949,6.7292254e-05,2.142898e-06,0.99992836,2.1234575e-06,6.578748e-09
950,0.99995255,7.326298e-06,1.6765674e-06,2.1080117e-05,1.743656e-05
951,5.9770746e-06,1.8709266e-05,0.00018218708,0.9997111,8.199663e-05
952,0.9999995,7.85497e-09,1.2899551e-08,5.110572e-07,1.5198102e-09
953,0.999997,2.4759095e-07,2.081608e-06,6.78197e-07,6.781718e-09
954,0.9998153,0.000110074,5.338942e-05,2.0690497e-05,6.04445e-07
955,0.0004689436,9.6729724e-05,3.6800167e-05,0.9993198,7.7726516e-05
956,0.00019667092,0.999668,1.3527859e-05,9.9552555e-05,2.2285747e-05
957,0.99943036,4.650006e-06,0.00032448315,0.00024003065,3.7627186e-07
958,4.3968516e-06,0.9996954,0.00016446578,0.00013577312,1.3935832e-09
959,3.1635668e-06,0.9999907,3.6947486e-06,2.3911484e-06,5.01966e-10
960,3.6720867e-05,0.9993017,0.0006147826,4.6853882e-05,4.5264908e-10
961,0.99999964,4.34879e-08,1.2596873e-07,3.216888e-08,8.14941e-08
962,0.99997497,7.376886e-06,1.2433564e-05,2.1600856e-06,3.07703e-06
963,2.524301e-07,6.199383e-10,9.1147285e-08,1.8470146e-08,0.99999964
964,0.9999957,2.7528978e-07,3.8255594e-06,2.5721596e-07,2.0730675e-09
965,5.6872632e-05,0.0008117368,0.998681,0.0002788668,0.00017142335
966,0.00013884541,0.9997495,8.755301e-05,2.3615596e-05,5.040492e-07
967,3.71889e-08,0.99999857,1.3136722e-06,6.0538106e-08,1.5230966e-13
968,0.010347822,0.00034424535,0.9891964,0.00010462722,6.8207364e-06
969,0.99967444,4.168594e-05,2.9843695e-05,0.00025325923,8.14636e-07
970,0.99995375,1.202574e-05,8.5460357e-07,3.311126e-05,2.9236554e-07
971,0.99990535,2.2198185e-05,4.9846032e-05,2.2391092e-05,2.1376242e-07
972,0.9995346,7.376475e-07,0.0003736418,2.7369882e-05,6.3577914e-05
973,9.235004e-05,6.193971e-07,6.667109e-06,1.5471305e-05,0.99988484
974,0.9997315,1.7156921e-07,0.0002678552,4.4912676e-07,1.429181e-08
975,0.99849546,1.3812686e-05,0.0014150472,7.496722e-05,6.642835e-07
976,2.837522e-05,2.9536139e-05,0.00011635471,0.99979526,3.047453e-05
977,4.1721374e-05,0.99982697,6.881677e-05,6.2519604e-05,8.089588e-09
978,4.5977686e-05,1.0184789e-06,6.726447e-05,0.9998845,1.2271266e-06
979,0.9998659,2.0579196e-07,4.8086695e-06,1.7381377e-05,0.00011168732
980,0.9998379,1.397048e-05,0.00012251391,2.555983e-05,4.8283955e-08
981,0.99980825,1.1864248e-05,0.00017802253,1.0612524e-06,8.469148e-07
982,1.814484e-06,7.5396997e-06,1.392464e-05,0.99997604,6.8686705e-07
983,0.9996238,9.98268e-05,3.7214481e-06,3.2864036e-06,0.00026947196
984,0.999694,0.00013460487,2.2447479e-05,0.00014019122,8.861929e-06
985,0.9999975,1.530919e-06,3.3478756e-07,6.1065276e-07,2.5757403e-09
986,1.0,2.275953e-08,1.9527876e-08,3.1011137e-08,4.2880484e-11
987,0.00083271204,0.99888915,0.00015875681,0.00011925609,4.377513e-08
988,0.00078917295,2.6984342e-05,0.00018894002,0.9985147,0.00048014
989,0.99992454,8.275923e-06,6.372099e-05,3.3170231e-06,1.3828274e-07
990,4.2776337e-06,1.5524582e-06,0.0004987743,0.00016511246,0.9993303
991,8.725478e-06,0.0006438998,2.1412037e-05,0.9993242,1.8231572e-06
992,0.00026685046,0.00048341532,0.000649196,0.99853873,6.188595e-05
993,0.99963295,2.4089039e-05,0.00025680175,7.7552846e-05,8.6124155e-06
994,0.99999976,2.63138e-07,1.770411e-09,1.9616383e-08,4.159234e-11
995,0.002396022,0.00076394976,0.99682885,1.0942746e-05,2.4960056e-07
996,0.0012927596,3.608419e-05,0.998135,0.00043822214,9.7931945e-05
997,0.99987507,2.9964554e-06,0.00012130837,5.93428e-07,3.1972203e-08
998,4.6255183e-05,2.4275805e-05,0.9996468,0.00028243143,1.6557011e-07
999,1.841612e-05,3.9552455e-05,1.3720657e-07,0.99991846,2.3458675e-05
1000,4.32937e-06,0.0004843655,4.4175118e-05,0.9994343,3.2847267e-05
1001,0.9999896,4.7688995e-06,8.2477305e-07,4.819287e-06,7.3722504e-09
1002,0.00010455927,6.6517525e-05,2.91953e-05,0.99978906,1.0742492e-05
1003,3.3966041e-06,0.999894,5.8814938e-05,4.3739197e-05,6.868491e-10
1004,4.8792102e-05,2.062146e-08,2.363392e-06,7.651649e-05,0.9998723
1005,8.112648e-06,3.6498773e-06,1.4632719e-06,0.9999864,3.6107122e-07
1006,0.9998354,3.5781665e-07,0.00012975518,3.2087664e-05,2.3477617e-06
1007,0.00031366703,0.0001455477,0.99954057,3.295961e-07,5.123511e-09
1008,0.00045645458,0.00023358261,0.9988257,0.000464151,2.0030653e-05
1009,0.0010264091,5.364439e-07,1.9819961e-05,7.881457e-05,0.9988745
1010,4.3043306e-06,2.3110402e-05,0.0004814139,0.99948174,9.421762e-06
1011,0.99987984,1.5974154e-05,5.8009442e-05,1.4609471e-05,3.146096e-05
1012,0.9999757,1.9021523e-07,9.902232e-06,1.4259323e-05,1.805063e-08
1013,0.99947125,3.3551954e-05,0.0004859021,9.201437e-06,1.2915338e-07
1014,0.9999999,1.30298226e-08,8.921659e-08,1.05151665e-08,6.483691e-10
1015,1.2879548e-06,0.9999305,6.791739e-05,1.8315576e-07,1.9042969e-11
1016,0.99994266,5.7025616e-05,6.0566826e-08,2.4107004e-07,2.6555842e-09
1017,0.00042249318,0.000227411,0.00016609635,0.99916244,2.1549442e-05
1018,2.3445404e-05,0.0011569373,1.0745549e-05,0.9988059,2.980345e-06
1019,4.309492e-06,8.786495e-06,7.619975e-06,0.99997914,1.4436705e-07
1020,3.8197218e-06,0.99998975,3.589688e-07,6.08071e-06,2.8754195e-09
1021,9.702542e-06,1.1544526e-05,0.9999778,9.681196e-07,8.153767e-09
1022,0.9999386,1.7241116e-07,5.3534543e-05,5.1711763e-06,2.4672995e-06
1023,0.9999999,5.8832314e-11,6.268078e-08,1.1586969e-09,1.4896681e-12
1024,0.9992894,3.259298e-05,0.00061002787,4.1208146e-05,2.6723974e-05
1025,0.99998116,1.4670172e-06,1.6952297e-05,3.7567762e-07,8.99831e-08
1026,0.99961615,1.7238295e-06,0.00018106405,0.00018742355,1.3653108e-05
1027,0.9973375,1.4919049e-05,0.002485239,7.731296e-05,8.503095e-05
1028,0.9999974,1.4298074e-07,2.1144963e-06,3.40072e-07,4.1620454e-09
1029,8.011801e-06,8.350144e-05,0.9994073,0.00047525068,2.5928595e-05
1030,0.9998293,2.996034e-07,0.00016447213,5.0141575e-06,8.7506226e-07
1031,0.99915147,0.00029291256,0.0004977365,5.7425048e-05,5.3009035e-07
1032,5.917934e-07,2.7038384e-06,9.988324e-08,0.99998736,9.261994e-06
1033,0.9954722,0.0033278824,0.0011922248,2.7322758e-06,4.9846135e-06
1034,0.99003744,0.00031812835,0.009583563,5.230716e-05,8.505489e-06
1035,4.583444e-05,1.371378e-05,0.99987495,6.527453e-05,1.5208722e-07
1036,0.0013117644,7.568873e-06,2.7870565e-05,9.999716e-05,0.99855274
1037,5.373721e-07,1.7934472e-06,2.4637768e-05,0.99996746,5.6208028e-06
1038,0.999982,1.406189e-06,6.050012e-06,1.0487032e-05,1.5279225e-08
1039,0.00039853062,3.6826692e-05,0.0012878547,0.99824405,3.2769214e-05
1040,0.0021131544,0.000107137384,0.99698514,0.00029492317,0.0004995867
1041,0.999637,2.8806885e-06,0.00010849362,0.00023272507,1.8894007e-05
1042,0.0010500643,0.0006758776,3.529861e-05,0.9982135,2.5170932e-05
1043,3.844695e-05,0.00014255216,0.00028481122,0.99933356,0.00020055452
1044,0.999559,0.0003850008,4.224652e-05,1.187545e-05,1.8086126e-06
1045,1.0162453e-05,0.9999801,4.1400967e-06,5.6532745e-06,2.8185345e-09
1046,1.1683804e-05,5.3332744e-05,0.00067924574,0.99922836,2.7381544e-05
1047,1.3121913e-05,1.8279634e-05,2.2952912e-05,0.99987054,7.5073825e-05
1048,1.7503224e-06,1.3726474e-05,0.99998283,1.6029878e-06,5.1937716e-09
1049,0.99993587,4.928904e-05,4.0817354e-06,1.0844571e-05,3.6379987e-08
1050,1.6966715e-05,5.0364913e-05,0.99991477,1.7789615e-05,4.7982763e-08
1051,0.9990276,8.5681306e-05,0.00039381764,0.00037222164,0.00012064186
1052,0.9999188,3.2851407e-05,3.5207795e-05,1.9216216e-06,1.1225219e-05
1053,0.00018267042,2.6669377e-05,0.9995511,4.286251e-05,0.00019661886
1054,8.365571e-05,0.99976224,5.0334427e-05,0.000103695136,3.4222083e-08
1055,7.918155e-05,0.00016120361,3.036159e-05,0.999716,1.31738225e-05
1056,0.00022224883,5.2033565e-06,0.9997279,3.8989092e-05,5.5992673e-06
1057,1.0976317e-05,0.0004356688,0.9995467,6.5833756e-06,1.13839445e-10
1058,2.5106258e-06,0.9999914,5.763301e-06,3.072062e-07,1.08921004e-10
1059,1.5887978e-06,0.99997747,3.7516086e-06,1.7213957e-05,1.6583461e-09
1060,1.6347041e-05,8.998185e-06,0.9999397,2.2780907e-05,1.2089909e-05
1061,0.99975234,8.3807384e-07,0.00024484438,1.9723034e-06,3.200281e-08
1062,3.6434974e-06,0.0002428959,6.958483e-06,0.9997323,1.4178366e-05
1063,0.9945338,3.7862603e-05,0.0053829015,2.333028e-05,2.2214403e-05
1064,1.1611281e-05,1.1469539e-05,1.663001e-05,0.99995947,9.010227e-07
1065,2.0883306e-06,3.0341048e-06,0.99979776,0.00019559263,1.5411431e-06
1066,0.9962502,0.00014874835,0.003462912,0.00013800705,1.7236582e-07
1067,0.99909365,1.4497813e-05,6.778126e-05,0.0006429122,0.00018116315
1068,0.00017668465,2.277893e-05,0.9991818,0.00059557817,2.3146362e-05
1069,0.9951153,0.00467917,0.00015712496,4.6488636e-05,1.9297158e-06
1070,3.4260713e-05,8.970119e-06,0.9977946,0.0013228523,0.00083928823
1071,0.99536335,4.4908888e-05,0.0045549544,2.983303e-05,6.9407115e-06
1072,0.0004134847,1.883187e-05,0.99927944,0.0002875443,7.3993823e-07
1073,1.0325192e-06,0.99997747,1.2256845e-05,9.318232e-06,1.3185343e-10
1074,1.0627664e-05,2.9985565e-06,0.99997807,8.346682e-06,1.7602506e-10
1075,0.9997073,6.576924e-07,0.00028354942,8.567065e-06,2.7016762e-08
1076,0.9997068,4.7312282e-05,2.398269e-05,6.467655e-05,0.00015720517
1077,0.00043124644,2.809674e-06,0.9995499,1.5968397e-05,2.1156753e-08
1078,0.00013889225,2.727158e-05,0.9992041,0.0005840892,4.5576624e-05
1079,2.403758e-05,3.3795222e-05,1.1758779e-07,0.9999416,3.6710966e-07
